split,exercise,person,trial,score,performance,is_augmented,aug_type
train,E0,P0,T0,4.3667,good,0,original
train,E0,P0,T1,4.26,good,0,original
train,E0,P0,T2,4.16,good,0,original
train,E0,P10,T0,3.8333,bad,0,original
train,E0,P10,T3,2.6,bad,0,original
train,E0,P10,T4,1.76,bad,0,original
train,E0,P10,T5,1.34,bad,0,original
train,E0,P10,T6,2.44,bad,0,original
train,E0,P14,T0,4.64,good,0,original
train,E0,P14,T3,3.88,bad,0,original
train,E0,P14,T4,2.36,bad,0,original
train,E0,P14,T5,2.1,bad,0,original
train,E0,P14,T6,2.94,bad,0,original
train,E0,P15,T0,3.7833,bad,0,original
train,E0,P15,T3,3.38,bad,0,original
train,E0,P15,T4,3.66,bad,0,original
train,E0,P15,T5,2.0,bad,0,original
train,E0,P15,T6,2.86,bad,0,original
train,E0,P2,T0,4.74,good,0,original
train,E0,P2,T1,4.74,good,0,original
train,E0,P2,T2,4.72,good,0,original
train,E0,P3,T0,4.44,good,0,original
train,E0,P3,T1,4.38,good,0,original
train,E0,P3,T2,4.42,good,0,original
train,E0,P4,T0,4.44,good,0,original
train,E0,P4,T1,4.4,good,0,original
train,E0,P4,T2,4.58,good,0,original
train,E0,P5,T0,4.3,good,0,original
train,E0,P5,T1,4.22,good,0,original
train,E0,P5,T2,4.22,good,0,original
train,E0,P7,T0,4.64,good,0,original
train,E0,P7,T1,4.54,good,0,original
train,E0,P7,T2,4.48,good,0,original
train,E1,P0,T0,4.32,good,0,original
train,E1,P0,T1,3.7,bad,0,original
train,E1,P0,T2,3.82,bad,0,original
train,E1,P10,T0,4.3667,good,0,original
train,E1,P10,T3,2.4333,bad,0,original
train,E1,P10,T4,2.925,bad,0,original
train,E1,P10,T5,2.92,bad,0,original
train,E1,P10,T6,3.04,bad,0,original
train,E1,P14,T0,4.92,good,0,original
train,E1,P14,T3,3.62,bad,0,original
train,E1,P14,T4,2.02,bad,0,original
train,E1,P14,T5,2.62,bad,0,original
train,E1,P14,T6,2.04,bad,0,original
train,E1,P15,T0,3.8,bad,0,original
train,E1,P15,T3,3.84,bad,0,original
train,E1,P15,T4,4.0,good,0,original
train,E1,P15,T5,3.1,bad,0,original
train,E1,P15,T6,3.44,bad,0,original
train,E1,P2,T0,5.0,good,0,original
train,E1,P2,T1,4.98,good,0,original
train,E1,P2,T2,4.76,good,0,original
train,E1,P3,T0,4.54,good,0,original
train,E1,P3,T1,4.46,good,0,original
train,E1,P3,T2,4.44,good,0,original
train,E1,P4,T0,4.74,good,0,original
train,E1,P4,T1,4.56,good,0,original
train,E1,P4,T2,4.2,good,0,original
train,E1,P5,T0,4.88,good,0,original
train,E1,P5,T1,4.84,good,0,original
train,E1,P5,T2,4.74,good,0,original
train,E1,P7,T0,4.52,good,0,original
train,E1,P7,T1,4.76,good,0,original
train,E1,P7,T2,4.7,good,0,original
train,E2,P10,T0,3.82,bad,0,original
train,E2,P10,T3,3.88,bad,0,original
train,E2,P10,T4,2.82,bad,0,original
train,E2,P10,T5,3.5,bad,0,original
train,E2,P10,T6,2.34,bad,0,original
train,E2,P14,T0,3.9,bad,0,original
train,E2,P14,T3,3.52,bad,0,original
train,E2,P14,T4,3.74,bad,0,original
train,E2,P14,T5,3.6,bad,0,original
train,E2,P14,T6,3.76,bad,0,original
train,E2,P15,T0,4.24,good,0,original
train,E2,P15,T3,3.76,bad,0,original
train,E2,P15,T4,3.5,bad,0,original
train,E2,P15,T5,3.5,bad,0,original
train,E2,P15,T6,3.18,bad,0,original
train,E2,P2,T0,4.96,good,0,original
train,E2,P2,T1,4.92,good,0,original
train,E2,P2,T2,4.88,good,0,original
train,E2,P3,T0,4.7,good,0,original
train,E2,P3,T1,4.7,good,0,original
train,E2,P3,T2,4.8,good,0,original
train,E2,P4,T0,4.52,good,0,original
train,E2,P4,T1,4.66,good,0,original
train,E2,P5,T0,4.92,good,0,original
train,E2,P5,T1,4.8,good,0,original
train,E2,P7,T0,4.96,good,0,original
train,E2,P7,T1,4.8,good,0,original
train,E3,P0,T0,4.44,good,0,original
train,E3,P0,T1,4.4082,good,0,original
train,E3,P0,T2,4.4,good,0,original
train,E3,P10,T0,4.32,good,0,original
train,E3,P10,T3,3.78,bad,0,original
train,E3,P10,T4,2.58,bad,0,original
train,E3,P10,T5,1.44,bad,0,original
train,E3,P10,T6,2.14,bad,0,original
train,E3,P14,T0,4.74,good,0,original
train,E3,P14,T3,4.2,good,0,original
train,E3,P14,T4,2.58,bad,0,original
train,E3,P14,T5,3.28,bad,0,original
train,E3,P14,T6,1.98,bad,0,original
train,E3,P15,T0,4.3,good,0,original
train,E3,P15,T3,4.16,good,0,original
train,E3,P15,T4,3.62,bad,0,original
train,E3,P15,T5,4.1,good,0,original
train,E3,P15,T6,3.3,bad,0,original
train,E3,P2,T0,4.8,good,0,original
train,E3,P2,T1,4.5,good,0,original
train,E3,P2,T2,4.5,good,0,original
train,E3,P3,T0,4.6,good,0,original
train,E3,P3,T1,4.56,good,0,original
train,E3,P3,T2,4.58,good,0,original
train,E3,P4,T0,4.68,good,0,original
train,E3,P4,T1,4.6,good,0,original
train,E3,P4,T2,4.42,good,0,original
train,E3,P5,T0,4.58,good,0,original
train,E3,P5,T1,4.62,good,0,original
train,E3,P5,T2,4.62,good,0,original
train,E3,P7,T0,4.44,good,0,original
train,E3,P7,T1,4.64,good,0,original
train,E3,P7,T2,4.56,good,0,original
train,E4,P0,T0,4.46,good,0,original
train,E4,P0,T1,4.76,good,0,original
train,E4,P0,T2,4.74,good,0,original
train,E4,P10,T0,3.86,bad,0,original
train,E4,P10,T3,3.12,bad,0,original
train,E4,P10,T4,2.86,bad,0,original
train,E4,P10,T5,2.18,bad,0,original
train,E4,P10,T6,1.78,bad,0,original
train,E4,P14,T0,4.5,good,0,original
train,E4,P14,T3,3.32,bad,0,original
train,E4,P14,T4,3.22,bad,0,original
train,E4,P14,T5,4.08,good,0,original
train,E4,P14,T6,2.5,bad,0,original
train,E4,P15,T0,3.68,bad,0,original
train,E4,P15,T3,3.26,bad,0,original
train,E4,P15,T4,3.66,bad,0,original
train,E4,P15,T5,2.58,bad,0,original
train,E4,P15,T6,1.58,bad,0,original
train,E4,P2,T0,4.74,good,0,original
train,E4,P2,T1,4.82,good,0,original
train,E4,P2,T2,4.82,good,0,original
train,E4,P3,T0,4.54,good,0,original
train,E4,P3,T1,4.7143,good,0,original
train,E4,P3,T2,4.44,good,0,original
train,E4,P4,T0,4.72,good,0,original
train,E4,P4,T1,4.76,good,0,original
train,E4,P4,T2,4.84,good,0,original
train,E4,P5,T0,4.62,good,0,original
train,E4,P5,T1,4.68,good,0,original
train,E4,P5,T2,4.68,good,0,original
train,E4,P7,T0,4.4286,good,0,original
train,E4,P7,T1,4.48,good,0,original
train,E4,P7,T2,4.38,good,0,original
train,E5,P0,T0,4.66,good,0,original
train,E5,P0,T1,4.72,good,0,original
train,E5,P10,T0,4.225,good,0,original
train,E5,P10,T3,4.075,good,0,original
train,E5,P10,T4,3.275,bad,0,original
train,E5,P10,T5,3.525,bad,0,original
train,E5,P10,T6,2.95,bad,0,original
train,E5,P14,T0,4.8,good,0,original
train,E5,P14,T3,4.08,good,0,original
train,E5,P14,T4,3.775,bad,0,original
train,E5,P14,T5,3.9,bad,0,original
train,E5,P14,T6,4.3,good,0,original
train,E5,P15,T0,4.825,good,0,original
train,E5,P15,T3,4.36,good,0,original
train,E5,P15,T4,4.44,good,0,original
train,E5,P15,T5,4.4,good,0,original
train,E5,P15,T6,3.78,bad,0,original
train,E5,P2,T0,4.86,good,0,original
train,E5,P2,T1,4.6,good,0,original
train,E5,P2,T2,4.825,good,0,original
train,E5,P3,T0,4.8,good,0,original
train,E5,P3,T1,4.725,good,0,original
train,E5,P4,T0,4.275,good,0,original
train,E5,P4,T1,4.1,good,0,original
train,E5,P4,T2,4.7692,good,0,original
train,E5,P5,T0,4.9,good,0,original
train,E5,P5,T1,4.9,good,0,original
train,E5,P5,T2,4.9,good,0,original
train,E5,P7,T0,4.825,good,0,original
train,E5,P7,T1,4.85,good,0,original
train,E5,P7,T2,4.9,good,0,original
train,E6,P0,T0,5.0,good,0,original
train,E6,P0,T1,5.0,good,0,original
train,E6,P0,T2,4.98,good,0,original
train,E6,P10,T0,4.96,good,0,original
train,E6,P10,T3,4.6,good,0,original
train,E6,P10,T4,3.44,bad,0,original
train,E6,P10,T5,4.3,good,0,original
train,E6,P10,T6,3.28,bad,0,original
train,E6,P14,T0,4.92,good,0,original
train,E6,P14,T3,3.8,bad,0,original
train,E6,P14,T4,3.96,bad,0,original
train,E6,P14,T5,4.1,good,0,original
train,E6,P14,T6,4.46,good,0,original
train,E6,P15,T0,4.84,good,0,original
train,E6,P15,T3,4.34,good,0,original
train,E6,P15,T4,3.1,bad,0,original
train,E6,P15,T5,3.2,bad,0,original
train,E6,P15,T6,3.86,bad,0,original
train,E6,P2,T0,4.9,good,0,original
train,E6,P2,T1,4.82,good,0,original
train,E6,P2,T2,4.96,good,0,original
train,E6,P3,T0,4.96,good,0,original
train,E6,P3,T1,4.96,good,0,original
train,E6,P3,T2,4.98,good,0,original
train,E6,P4,T0,5.0,good,0,original
train,E6,P4,T1,5.0,good,0,original
train,E6,P5,T0,5.0,good,0,original
train,E6,P5,T1,4.96,good,0,original
train,E6,P5,T2,5.0,good,0,original
train,E6,P7,T0,5.0,good,0,original
train,E6,P7,T1,5.0,good,0,original
train,E6,P7,T2,5.0,good,0,original
train,E7,P0,T0,4.26,good,0,original
train,E7,P0,T1,4.38,good,0,original
train,E7,P0,T2,4.26,good,0,original
train,E7,P10,T0,4.78,good,0,original
train,E7,P10,T3,4.82,good,0,original
train,E7,P10,T4,3.66,bad,0,original
train,E7,P10,T5,4.26,good,0,original
train,E7,P10,T6,2.66,bad,0,original
train,E7,P14,T0,5.0,good,0,original
train,E7,P14,T3,3.34,bad,0,original
train,E7,P14,T4,4.14,good,0,original
train,E7,P14,T5,1.8,bad,0,original
train,E7,P14,T6,4.42,good,0,original
train,E7,P15,T0,4.82,good,0,original
train,E7,P15,T3,3.6,bad,0,original
train,E7,P15,T4,3.26,bad,0,original
train,E7,P15,T5,3.78,bad,0,original
train,E7,P15,T6,3.04,bad,0,original
train,E7,P2,T0,4.48,good,0,original
train,E7,P2,T1,4.56,good,0,original
train,E7,P2,T2,4.44,good,0,original
train,E7,P3,T0,4.24,good,0,original
train,E7,P3,T1,4.22,good,0,original
train,E7,P3,T2,4.16,good,0,original
train,E7,P4,T0,4.2,good,0,original
train,E7,P4,T1,4.16,good,0,original
train,E7,P4,T2,4.1,good,0,original
train,E7,P5,T0,4.18,good,0,original
train,E7,P5,T1,4.16,good,0,original
train,E7,P5,T2,4.26,good,0,original
train,E7,P7,T0,4.24,good,0,original
train,E7,P7,T1,4.34,good,0,original
train,E7,P7,T2,4.46,good,0,original
train,E8,P0,T0,4.96,good,0,original
train,E8,P0,T1,4.9,good,0,original
train,E8,P0,T2,4.9,good,0,original
train,E8,P10,T0,4.48,good,0,original
train,E8,P10,T3,3.8,bad,0,original
train,E8,P10,T4,4.12,good,0,original
train,E8,P10,T5,3.84,bad,0,original
train,E8,P10,T6,3.7,bad,0,original
train,E8,P14,T0,4.625,good,0,original
train,E8,P14,T3,3.5,bad,0,original
train,E8,P14,T4,3.45,bad,0,original
train,E8,P14,T5,3.0,bad,0,original
train,E8,P14,T6,4.675,good,0,original
train,E8,P15,T0,4.9,good,0,original
train,E8,P15,T3,4.1,good,0,original
train,E8,P15,T4,2.88,bad,0,original
train,E8,P15,T5,2.98,bad,0,original
train,E8,P15,T6,2.58,bad,0,original
train,E8,P4,T0,4.9,good,0,original
train,E8,P4,T1,4.84,good,0,original
train,E8,P4,T2,4.84,good,0,original
train,E8,P5,T0,4.8,good,0,original
train,E8,P5,T1,4.82,good,0,original
train,E8,P5,T2,4.9,good,0,original
train,E8,P7,T0,4.9,good,0,original
train,E8,P7,T1,4.9,good,0,original
train,E8,P7,T2,4.9,good,0,original
train,E9,P0,T0,3.975,bad,0,original
train,E9,P0,T1,4.375,good,0,original
train,E9,P0,T2,4.5667,good,0,original
train,E9,P10,T0,3.7,bad,0,original
train,E9,P10,T3,2.8333,bad,0,original
train,E9,P10,T4,3.1,bad,0,original
train,E9,P10,T5,3.05,bad,0,original
train,E9,P10,T6,2.1,bad,0,original
train,E9,P14,T0,4.3333,good,0,original
train,E9,P14,T3,3.9333,bad,0,original
train,E9,P14,T4,3.6333,bad,0,original
train,E9,P14,T5,3.0667,bad,0,original
train,E9,P14,T6,3.9,bad,0,original
train,E9,P15,T0,4.5,good,0,original
train,E9,P15,T3,4.425,good,0,original
train,E9,P15,T4,3.65,bad,0,original
train,E9,P15,T5,2.775,bad,0,original
train,E9,P15,T6,3.375,bad,0,original
train,E9,P2,T0,4.375,good,0,original
train,E9,P2,T1,4.475,good,0,original
train,E9,P2,T2,4.375,good,0,original
train,E9,P3,T0,4.375,good,0,original
train,E9,P3,T1,4.5667,good,0,original
train,E9,P3,T2,4.5667,good,0,original
train,E9,P4,T1,4.375,good,0,original
train,E9,P4,T2,4.5667,good,0,original
train,E9,P5,T0,4.5333,good,0,original
train,E9,P5,T1,4.5333,good,0,original
train,E9,P5,T2,4.5667,good,0,original
train,E9,P7,T0,4.475,good,0,original
train,E9,P7,T1,4.375,good,0,original
train,E9,P7,T2,4.5667,good,0,original
train,E0,P0,T0,4.3667,good,1,full_train_aug_0
train,E0,P0,T1,4.26,good,1,full_train_aug_1
train,E0,P0,T2,4.16,good,1,full_train_aug_2
train,E0,P10,T0,3.8333,bad,1,full_train_aug_3
train,E0,P10,T3,2.6,bad,1,full_train_aug_4
train,E0,P10,T4,1.76,bad,1,full_train_aug_5
train,E0,P10,T5,1.34,bad,1,full_train_aug_6
train,E0,P10,T6,2.44,bad,1,full_train_aug_7
train,E0,P14,T0,4.64,good,1,full_train_aug_8
train,E0,P14,T3,3.88,bad,1,full_train_aug_9
train,E0,P14,T4,2.36,bad,1,full_train_aug_10
train,E0,P14,T5,2.1,bad,1,full_train_aug_11
train,E0,P14,T6,2.94,bad,1,full_train_aug_12
train,E0,P15,T0,3.7833,bad,1,full_train_aug_13
train,E0,P15,T3,3.38,bad,1,full_train_aug_14
train,E0,P15,T4,3.66,bad,1,full_train_aug_15
train,E0,P15,T5,2.0,bad,1,full_train_aug_16
train,E0,P15,T6,2.86,bad,1,full_train_aug_17
train,E0,P2,T0,4.74,good,1,full_train_aug_18
train,E0,P2,T1,4.74,good,1,full_train_aug_19
train,E0,P2,T2,4.72,good,1,full_train_aug_20
train,E0,P3,T0,4.44,good,1,full_train_aug_21
train,E0,P3,T1,4.38,good,1,full_train_aug_22
train,E0,P3,T2,4.42,good,1,full_train_aug_23
train,E0,P4,T0,4.44,good,1,full_train_aug_24
train,E0,P4,T1,4.4,good,1,full_train_aug_25
train,E0,P4,T2,4.58,good,1,full_train_aug_26
train,E0,P5,T0,4.3,good,1,full_train_aug_27
train,E0,P5,T1,4.22,good,1,full_train_aug_28
train,E0,P5,T2,4.22,good,1,full_train_aug_29
train,E0,P7,T0,4.64,good,1,full_train_aug_30
train,E0,P7,T1,4.54,good,1,full_train_aug_31
train,E0,P7,T2,4.48,good,1,full_train_aug_32
train,E1,P0,T0,4.32,good,1,full_train_aug_33
train,E1,P0,T1,3.7,bad,1,full_train_aug_34
train,E1,P0,T2,3.82,bad,1,full_train_aug_35
train,E1,P10,T0,4.3667,good,1,full_train_aug_36
train,E1,P10,T3,2.4333,bad,1,full_train_aug_37
train,E1,P10,T4,2.925,bad,1,full_train_aug_38
train,E1,P10,T5,2.92,bad,1,full_train_aug_39
train,E1,P10,T6,3.04,bad,1,full_train_aug_40
train,E1,P14,T0,4.92,good,1,full_train_aug_41
train,E1,P14,T3,3.62,bad,1,full_train_aug_42
train,E1,P14,T4,2.02,bad,1,full_train_aug_43
train,E1,P14,T5,2.62,bad,1,full_train_aug_44
train,E1,P14,T6,2.04,bad,1,full_train_aug_45
train,E1,P15,T0,3.8,bad,1,full_train_aug_46
train,E1,P15,T3,3.84,bad,1,full_train_aug_47
train,E1,P15,T4,4.0,good,1,full_train_aug_48
train,E1,P15,T5,3.1,bad,1,full_train_aug_49
train,E1,P15,T6,3.44,bad,1,full_train_aug_50
train,E1,P2,T0,5.0,good,1,full_train_aug_51
train,E1,P2,T1,4.98,good,1,full_train_aug_52
train,E1,P2,T2,4.76,good,1,full_train_aug_53
train,E1,P3,T0,4.54,good,1,full_train_aug_54
train,E1,P3,T1,4.46,good,1,full_train_aug_55
train,E1,P3,T2,4.44,good,1,full_train_aug_56
train,E1,P4,T0,4.74,good,1,full_train_aug_57
train,E1,P4,T1,4.56,good,1,full_train_aug_58
train,E1,P4,T2,4.2,good,1,full_train_aug_59
train,E1,P5,T0,4.88,good,1,full_train_aug_60
train,E1,P5,T1,4.84,good,1,full_train_aug_61
train,E1,P5,T2,4.74,good,1,full_train_aug_62
train,E1,P7,T0,4.52,good,1,full_train_aug_63
train,E1,P7,T1,4.76,good,1,full_train_aug_64
train,E1,P7,T2,4.7,good,1,full_train_aug_65
train,E2,P10,T0,3.82,bad,1,full_train_aug_66
train,E2,P10,T3,3.88,bad,1,full_train_aug_67
train,E2,P10,T4,2.82,bad,1,full_train_aug_68
train,E2,P10,T5,3.5,bad,1,full_train_aug_69
train,E2,P10,T6,2.34,bad,1,full_train_aug_70
train,E2,P14,T0,3.9,bad,1,full_train_aug_71
train,E2,P14,T3,3.52,bad,1,full_train_aug_72
train,E2,P14,T4,3.74,bad,1,full_train_aug_73
train,E2,P14,T5,3.6,bad,1,full_train_aug_74
train,E2,P14,T6,3.76,bad,1,full_train_aug_75
train,E2,P15,T0,4.24,good,1,full_train_aug_76
train,E2,P15,T3,3.76,bad,1,full_train_aug_77
train,E2,P15,T4,3.5,bad,1,full_train_aug_78
train,E2,P15,T5,3.5,bad,1,full_train_aug_79
train,E2,P15,T6,3.18,bad,1,full_train_aug_80
train,E2,P2,T0,4.96,good,1,full_train_aug_81
train,E2,P2,T1,4.92,good,1,full_train_aug_82
train,E2,P2,T2,4.88,good,1,full_train_aug_83
train,E2,P3,T0,4.7,good,1,full_train_aug_84
train,E2,P3,T1,4.7,good,1,full_train_aug_85
train,E2,P3,T2,4.8,good,1,full_train_aug_86
train,E2,P4,T0,4.52,good,1,full_train_aug_87
train,E2,P4,T1,4.66,good,1,full_train_aug_88
train,E2,P5,T0,4.92,good,1,full_train_aug_89
train,E2,P5,T1,4.8,good,1,full_train_aug_90
train,E2,P7,T0,4.96,good,1,full_train_aug_91
train,E2,P7,T1,4.8,good,1,full_train_aug_92
train,E3,P0,T0,4.44,good,1,full_train_aug_93
train,E3,P0,T1,4.4082,good,1,full_train_aug_94
train,E3,P0,T2,4.4,good,1,full_train_aug_95
train,E3,P10,T0,4.32,good,1,full_train_aug_96
train,E3,P10,T3,3.78,bad,1,full_train_aug_97
train,E3,P10,T4,2.58,bad,1,full_train_aug_98
train,E3,P10,T5,1.44,bad,1,full_train_aug_99
train,E3,P10,T6,2.14,bad,1,full_train_aug_100
train,E3,P14,T0,4.74,good,1,full_train_aug_101
train,E3,P14,T3,4.2,good,1,full_train_aug_102
train,E3,P14,T4,2.58,bad,1,full_train_aug_103
train,E3,P14,T5,3.28,bad,1,full_train_aug_104
train,E3,P14,T6,1.98,bad,1,full_train_aug_105
train,E3,P15,T0,4.3,good,1,full_train_aug_106
train,E3,P15,T3,4.16,good,1,full_train_aug_107
train,E3,P15,T4,3.62,bad,1,full_train_aug_108
train,E3,P15,T5,4.1,good,1,full_train_aug_109
train,E3,P15,T6,3.3,bad,1,full_train_aug_110
train,E3,P2,T0,4.8,good,1,full_train_aug_111
train,E3,P2,T1,4.5,good,1,full_train_aug_112
train,E3,P2,T2,4.5,good,1,full_train_aug_113
train,E3,P3,T0,4.6,good,1,full_train_aug_114
train,E3,P3,T1,4.56,good,1,full_train_aug_115
train,E3,P3,T2,4.58,good,1,full_train_aug_116
train,E3,P4,T0,4.68,good,1,full_train_aug_117
train,E3,P4,T1,4.6,good,1,full_train_aug_118
train,E3,P4,T2,4.42,good,1,full_train_aug_119
train,E3,P5,T0,4.58,good,1,full_train_aug_120
train,E3,P5,T1,4.62,good,1,full_train_aug_121
train,E3,P5,T2,4.62,good,1,full_train_aug_122
train,E3,P7,T0,4.44,good,1,full_train_aug_123
train,E3,P7,T1,4.64,good,1,full_train_aug_124
train,E3,P7,T2,4.56,good,1,full_train_aug_125
train,E4,P0,T0,4.46,good,1,full_train_aug_126
train,E4,P0,T1,4.76,good,1,full_train_aug_127
train,E4,P0,T2,4.74,good,1,full_train_aug_128
train,E4,P10,T0,3.86,bad,1,full_train_aug_129
train,E4,P10,T3,3.12,bad,1,full_train_aug_130
train,E4,P10,T4,2.86,bad,1,full_train_aug_131
train,E4,P10,T5,2.18,bad,1,full_train_aug_132
train,E4,P10,T6,1.78,bad,1,full_train_aug_133
train,E4,P14,T0,4.5,good,1,full_train_aug_134
train,E4,P14,T3,3.32,bad,1,full_train_aug_135
train,E4,P14,T4,3.22,bad,1,full_train_aug_136
train,E4,P14,T5,4.08,good,1,full_train_aug_137
train,E4,P14,T6,2.5,bad,1,full_train_aug_138
train,E4,P15,T0,3.68,bad,1,full_train_aug_139
train,E4,P15,T3,3.26,bad,1,full_train_aug_140
train,E4,P15,T4,3.66,bad,1,full_train_aug_141
train,E4,P15,T5,2.58,bad,1,full_train_aug_142
train,E4,P15,T6,1.58,bad,1,full_train_aug_143
train,E4,P2,T0,4.74,good,1,full_train_aug_144
train,E4,P2,T1,4.82,good,1,full_train_aug_145
train,E4,P2,T2,4.82,good,1,full_train_aug_146
train,E4,P3,T0,4.54,good,1,full_train_aug_147
train,E4,P3,T1,4.7143,good,1,full_train_aug_148
train,E4,P3,T2,4.44,good,1,full_train_aug_149
train,E4,P4,T0,4.72,good,1,full_train_aug_150
train,E4,P4,T1,4.76,good,1,full_train_aug_151
train,E4,P4,T2,4.84,good,1,full_train_aug_152
train,E4,P5,T0,4.62,good,1,full_train_aug_153
train,E4,P5,T1,4.68,good,1,full_train_aug_154
train,E4,P5,T2,4.68,good,1,full_train_aug_155
train,E4,P7,T0,4.4286,good,1,full_train_aug_156
train,E4,P7,T1,4.48,good,1,full_train_aug_157
train,E4,P7,T2,4.38,good,1,full_train_aug_158
train,E5,P0,T0,4.66,good,1,full_train_aug_159
train,E5,P0,T1,4.72,good,1,full_train_aug_160
train,E5,P10,T0,4.225,good,1,full_train_aug_161
train,E5,P10,T3,4.075,good,1,full_train_aug_162
train,E5,P10,T4,3.275,bad,1,full_train_aug_163
train,E5,P10,T5,3.525,bad,1,full_train_aug_164
train,E5,P10,T6,2.95,bad,1,full_train_aug_165
train,E5,P14,T0,4.8,good,1,full_train_aug_166
train,E5,P14,T3,4.08,good,1,full_train_aug_167
train,E5,P14,T4,3.775,bad,1,full_train_aug_168
train,E5,P14,T5,3.9,bad,1,full_train_aug_169
train,E5,P14,T6,4.3,good,1,full_train_aug_170
train,E5,P15,T0,4.825,good,1,full_train_aug_171
train,E5,P15,T3,4.36,good,1,full_train_aug_172
train,E5,P15,T4,4.44,good,1,full_train_aug_173
train,E5,P15,T5,4.4,good,1,full_train_aug_174
train,E5,P15,T6,3.78,bad,1,full_train_aug_175
train,E5,P2,T0,4.86,good,1,full_train_aug_176
train,E5,P2,T1,4.6,good,1,full_train_aug_177
train,E5,P2,T2,4.825,good,1,full_train_aug_178
train,E5,P3,T0,4.8,good,1,full_train_aug_179
train,E5,P3,T1,4.725,good,1,full_train_aug_180
train,E5,P4,T0,4.275,good,1,full_train_aug_181
train,E5,P4,T1,4.1,good,1,full_train_aug_182
train,E5,P4,T2,4.7692,good,1,full_train_aug_183
train,E5,P5,T0,4.9,good,1,full_train_aug_184
train,E5,P5,T1,4.9,good,1,full_train_aug_185
train,E5,P5,T2,4.9,good,1,full_train_aug_186
train,E5,P7,T0,4.825,good,1,full_train_aug_187
train,E5,P7,T1,4.85,good,1,full_train_aug_188
train,E5,P7,T2,4.9,good,1,full_train_aug_189
train,E6,P0,T0,5.0,good,1,full_train_aug_190
train,E6,P0,T1,5.0,good,1,full_train_aug_191
train,E6,P0,T2,4.98,good,1,full_train_aug_192
train,E6,P10,T0,4.96,good,1,full_train_aug_193
train,E6,P10,T3,4.6,good,1,full_train_aug_194
train,E6,P10,T4,3.44,bad,1,full_train_aug_195
train,E6,P10,T5,4.3,good,1,full_train_aug_196
train,E6,P10,T6,3.28,bad,1,full_train_aug_197
train,E6,P14,T0,4.92,good,1,full_train_aug_198
train,E6,P14,T3,3.8,bad,1,full_train_aug_199
train,E6,P14,T4,3.96,bad,1,full_train_aug_200
train,E6,P14,T5,4.1,good,1,full_train_aug_201
train,E6,P14,T6,4.46,good,1,full_train_aug_202
train,E6,P15,T0,4.84,good,1,full_train_aug_203
train,E6,P15,T3,4.34,good,1,full_train_aug_204
train,E6,P15,T4,3.1,bad,1,full_train_aug_205
train,E6,P15,T5,3.2,bad,1,full_train_aug_206
train,E6,P15,T6,3.86,bad,1,full_train_aug_207
train,E6,P2,T0,4.9,good,1,full_train_aug_208
train,E6,P2,T1,4.82,good,1,full_train_aug_209
train,E6,P2,T2,4.96,good,1,full_train_aug_210
train,E6,P3,T0,4.96,good,1,full_train_aug_211
train,E6,P3,T1,4.96,good,1,full_train_aug_212
train,E6,P3,T2,4.98,good,1,full_train_aug_213
train,E6,P4,T0,5.0,good,1,full_train_aug_214
train,E6,P4,T1,5.0,good,1,full_train_aug_215
train,E6,P5,T0,5.0,good,1,full_train_aug_216
train,E6,P5,T1,4.96,good,1,full_train_aug_217
train,E6,P5,T2,5.0,good,1,full_train_aug_218
train,E6,P7,T0,5.0,good,1,full_train_aug_219
train,E6,P7,T1,5.0,good,1,full_train_aug_220
train,E6,P7,T2,5.0,good,1,full_train_aug_221
train,E7,P0,T0,4.26,good,1,full_train_aug_222
train,E7,P0,T1,4.38,good,1,full_train_aug_223
train,E7,P0,T2,4.26,good,1,full_train_aug_224
train,E7,P10,T0,4.78,good,1,full_train_aug_225
train,E7,P10,T3,4.82,good,1,full_train_aug_226
train,E7,P10,T4,3.66,bad,1,full_train_aug_227
train,E7,P10,T5,4.26,good,1,full_train_aug_228
train,E7,P10,T6,2.66,bad,1,full_train_aug_229
train,E7,P14,T0,5.0,good,1,full_train_aug_230
train,E7,P14,T3,3.34,bad,1,full_train_aug_231
train,E7,P14,T4,4.14,good,1,full_train_aug_232
train,E7,P14,T5,1.8,bad,1,full_train_aug_233
train,E7,P14,T6,4.42,good,1,full_train_aug_234
train,E7,P15,T0,4.82,good,1,full_train_aug_235
train,E7,P15,T3,3.6,bad,1,full_train_aug_236
train,E7,P15,T4,3.26,bad,1,full_train_aug_237
train,E7,P15,T5,3.78,bad,1,full_train_aug_238
train,E7,P15,T6,3.04,bad,1,full_train_aug_239
train,E7,P2,T0,4.48,good,1,full_train_aug_240
train,E7,P2,T1,4.56,good,1,full_train_aug_241
train,E7,P2,T2,4.44,good,1,full_train_aug_242
train,E7,P3,T0,4.24,good,1,full_train_aug_243
train,E7,P3,T1,4.22,good,1,full_train_aug_244
train,E7,P3,T2,4.16,good,1,full_train_aug_245
train,E7,P4,T0,4.2,good,1,full_train_aug_246
train,E7,P4,T1,4.16,good,1,full_train_aug_247
train,E7,P4,T2,4.1,good,1,full_train_aug_248
train,E7,P5,T0,4.18,good,1,full_train_aug_249
train,E7,P5,T1,4.16,good,1,full_train_aug_250
train,E7,P5,T2,4.26,good,1,full_train_aug_251
train,E7,P7,T0,4.24,good,1,full_train_aug_252
train,E7,P7,T1,4.34,good,1,full_train_aug_253
train,E7,P7,T2,4.46,good,1,full_train_aug_254
train,E8,P0,T0,4.96,good,1,full_train_aug_255
train,E8,P0,T1,4.9,good,1,full_train_aug_256
train,E8,P0,T2,4.9,good,1,full_train_aug_257
train,E8,P10,T0,4.48,good,1,full_train_aug_258
train,E8,P10,T3,3.8,bad,1,full_train_aug_259
train,E8,P10,T4,4.12,good,1,full_train_aug_260
train,E8,P10,T5,3.84,bad,1,full_train_aug_261
train,E8,P10,T6,3.7,bad,1,full_train_aug_262
train,E8,P14,T0,4.625,good,1,full_train_aug_263
train,E8,P14,T3,3.5,bad,1,full_train_aug_264
train,E8,P14,T4,3.45,bad,1,full_train_aug_265
train,E8,P14,T5,3.0,bad,1,full_train_aug_266
train,E8,P14,T6,4.675,good,1,full_train_aug_267
train,E8,P15,T0,4.9,good,1,full_train_aug_268
train,E8,P15,T3,4.1,good,1,full_train_aug_269
train,E8,P15,T4,2.88,bad,1,full_train_aug_270
train,E8,P15,T5,2.98,bad,1,full_train_aug_271
train,E8,P15,T6,2.58,bad,1,full_train_aug_272
train,E8,P4,T0,4.9,good,1,full_train_aug_273
train,E8,P4,T1,4.84,good,1,full_train_aug_274
train,E8,P4,T2,4.84,good,1,full_train_aug_275
train,E8,P5,T0,4.8,good,1,full_train_aug_276
train,E8,P5,T1,4.82,good,1,full_train_aug_277
train,E8,P5,T2,4.9,good,1,full_train_aug_278
train,E8,P7,T0,4.9,good,1,full_train_aug_279
train,E8,P7,T1,4.9,good,1,full_train_aug_280
train,E8,P7,T2,4.9,good,1,full_train_aug_281
train,E9,P0,T0,3.975,bad,1,full_train_aug_282
train,E9,P0,T1,4.375,good,1,full_train_aug_283
train,E9,P0,T2,4.5667,good,1,full_train_aug_284
train,E9,P10,T0,3.7,bad,1,full_train_aug_285
train,E9,P10,T3,2.8333,bad,1,full_train_aug_286
train,E9,P10,T4,3.1,bad,1,full_train_aug_287
train,E9,P10,T5,3.05,bad,1,full_train_aug_288
train,E9,P10,T6,2.1,bad,1,full_train_aug_289
train,E9,P14,T0,4.3333,good,1,full_train_aug_290
train,E9,P14,T3,3.9333,bad,1,full_train_aug_291
train,E9,P14,T4,3.6333,bad,1,full_train_aug_292
train,E9,P14,T5,3.0667,bad,1,full_train_aug_293
train,E9,P14,T6,3.9,bad,1,full_train_aug_294
train,E9,P15,T0,4.5,good,1,full_train_aug_295
train,E9,P15,T3,4.425,good,1,full_train_aug_296
train,E9,P15,T4,3.65,bad,1,full_train_aug_297
train,E9,P15,T5,2.775,bad,1,full_train_aug_298
train,E9,P15,T6,3.375,bad,1,full_train_aug_299
train,E9,P2,T0,4.375,good,1,full_train_aug_300
train,E9,P2,T1,4.475,good,1,full_train_aug_301
train,E9,P2,T2,4.375,good,1,full_train_aug_302
train,E9,P3,T0,4.375,good,1,full_train_aug_303
train,E9,P3,T1,4.5667,good,1,full_train_aug_304
train,E9,P3,T2,4.5667,good,1,full_train_aug_305
train,E9,P4,T1,4.375,good,1,full_train_aug_306
train,E9,P4,T2,4.5667,good,1,full_train_aug_307
train,E9,P5,T0,4.5333,good,1,full_train_aug_308
train,E9,P5,T1,4.5333,good,1,full_train_aug_309
train,E9,P5,T2,4.5667,good,1,full_train_aug_310
train,E9,P7,T0,4.475,good,1,full_train_aug_311
train,E9,P7,T1,4.375,good,1,full_train_aug_312
train,E9,P7,T2,4.5667,good,1,full_train_aug_313
train,E8,P15,T6,2.58,bad,1,oversample_low_0
train,E0,P14,T4,2.36,bad,1,oversample_low_1
train,E9,P10,T3,2.8333,bad,1,oversample_low_2
train,E0,P14,T6,2.94,bad,1,oversample_low_3
train,E0,P15,T6,2.86,bad,1,oversample_low_4
train,E0,P10,T4,1.76,bad,1,oversample_low_5
train,E5,P10,T6,2.95,bad,1,oversample_low_6
train,E0,P15,T6,2.86,bad,1,oversample_low_7
train,E4,P14,T6,2.5,bad,1,oversample_low_8
train,E3,P14,T6,1.98,bad,1,oversample_low_9
train,E4,P14,T6,2.5,bad,1,oversample_low_10
train,E0,P10,T4,1.76,bad,1,oversample_low_11
train,E0,P10,T6,2.44,bad,1,oversample_low_12
train,E3,P14,T6,1.98,bad,1,oversample_low_13
train,E4,P15,T6,1.58,bad,1,oversample_low_14
train,E1,P14,T4,2.02,bad,1,oversample_low_15
train,E4,P10,T5,2.18,bad,1,oversample_low_16
train,E2,P10,T4,2.82,bad,1,oversample_low_17
train,E9,P10,T3,2.8333,bad,1,oversample_low_18
train,E7,P14,T5,1.8,bad,1,oversample_low_19
train,E1,P14,T5,2.62,bad,1,oversample_low_20
train,E0,P14,T4,2.36,bad,1,oversample_low_21
train,E0,P10,T4,1.76,bad,1,oversample_low_22
train,E3,P10,T4,2.58,bad,1,oversample_low_23
train,E1,P14,T6,2.04,bad,1,oversample_low_24
train,E9,P15,T5,2.775,bad,1,oversample_low_25
train,E3,P10,T6,2.14,bad,1,oversample_low_26
train,E2,P10,T4,2.82,bad,1,oversample_low_27
train,E7,P14,T5,1.8,bad,1,oversample_low_28
train,E2,P10,T6,2.34,bad,1,oversample_low_29
train,E0,P10,T6,2.44,bad,1,oversample_low_30
train,E3,P14,T6,1.98,bad,1,oversample_low_31
train,E1,P14,T4,2.02,bad,1,oversample_low_32
train,E0,P14,T4,2.36,bad,1,oversample_low_33
train,E1,P14,T6,2.04,bad,1,oversample_low_34
train,E4,P10,T5,2.18,bad,1,oversample_low_35
train,E8,P15,T4,2.88,bad,1,oversample_low_36
train,E2,P10,T6,2.34,bad,1,oversample_low_37
train,E1,P14,T6,2.04,bad,1,oversample_low_38
train,E3,P10,T5,1.44,bad,1,oversample_low_39
train,E0,P14,T5,2.1,bad,1,oversample_low_40
train,E0,P15,T5,2.0,bad,1,oversample_low_41
train,E4,P10,T4,2.86,bad,1,oversample_low_42
train,E1,P14,T4,2.02,bad,1,oversample_low_43
train,E0,P14,T5,2.1,bad,1,oversample_low_44
train,E1,P14,T5,2.62,bad,1,oversample_low_45
train,E8,P15,T4,2.88,bad,1,oversample_low_46
train,E3,P10,T6,2.14,bad,1,oversample_low_47
train,E0,P10,T3,2.6,bad,1,oversample_low_48
train,E3,P10,T6,2.14,bad,1,oversample_low_49
train,E0,P10,T6,2.44,bad,1,oversample_low_50
train,E9,P10,T6,2.1,bad,1,oversample_low_51
train,E1,P10,T3,2.4333,bad,1,oversample_low_52
train,E3,P14,T4,2.58,bad,1,oversample_low_53
train,E0,P10,T3,2.6,bad,1,oversample_low_54
train,E2,P10,T6,2.34,bad,1,oversample_low_55
train,E0,P10,T6,2.44,bad,1,oversample_low_56
train,E8,P15,T4,2.88,bad,1,oversample_low_57
train,E2,P10,T4,2.82,bad,1,oversample_low_58
train,E0,P10,T6,2.44,bad,1,oversample_low_59
train,E8,P15,T5,2.98,bad,1,oversample_low_60
train,E5,P10,T6,2.95,bad,1,oversample_low_61
train,E0,P14,T6,2.94,bad,1,oversample_low_62
train,E0,P10,T6,2.44,bad,1,oversample_low_63
train,E5,P10,T6,2.95,bad,1,oversample_low_64
train,E8,P15,T6,2.58,bad,1,oversample_low_65
train,E0,P14,T4,2.36,bad,1,oversample_low_66
train,E3,P10,T4,2.58,bad,1,oversample_low_67
train,E7,P14,T5,1.8,bad,1,oversample_low_68
train,E0,P15,T5,2.0,bad,1,oversample_low_69
train,E0,P10,T4,1.76,bad,1,oversample_low_70
train,E3,P10,T5,1.44,bad,1,oversample_low_71
train,E0,P14,T5,2.1,bad,1,oversample_low_72
train,E1,P14,T6,2.04,bad,1,oversample_low_73
train,E8,P15,T6,2.58,bad,1,oversample_low_74
train,E1,P10,T5,2.92,bad,1,oversample_low_75
train,E1,P10,T4,2.925,bad,1,oversample_low_76
train,E4,P15,T5,2.58,bad,1,oversample_low_77
train,E0,P10,T6,2.44,bad,1,oversample_low_78
train,E9,P10,T6,2.1,bad,1,oversample_low_79
train,E4,P15,T5,2.58,bad,1,oversample_low_80
train,E0,P10,T4,1.76,bad,1,oversample_low_81
train,E9,P15,T5,2.775,bad,1,oversample_low_82
train,E1,P14,T4,2.02,bad,1,oversample_low_83
train,E4,P14,T6,2.5,bad,1,oversample_low_84
train,E0,P10,T4,1.76,bad,1,oversample_low_85
train,E4,P15,T6,1.58,bad,1,oversample_low_86
train,E3,P10,T4,2.58,bad,1,oversample_low_87
train,E3,P10,T6,2.14,bad,1,oversample_low_88
train,E8,P15,T4,2.88,bad,1,oversample_low_89
train,E8,P15,T5,2.98,bad,1,oversample_low_90
train,E8,P15,T4,2.88,bad,1,oversample_low_91
train,E3,P14,T4,2.58,bad,1,oversample_low_92
train,E3,P10,T6,2.14,bad,1,oversample_low_93
train,E5,P10,T6,2.95,bad,1,oversample_low_94
train,E4,P10,T4,2.86,bad,1,oversample_low_95
train,E0,P10,T4,1.76,bad,1,oversample_low_96
train,E1,P10,T3,2.4333,bad,1,oversample_low_97
train,E0,P10,T6,2.44,bad,1,oversample_low_98
train,E3,P14,T6,1.98,bad,1,oversample_low_99
train,E4,P14,T6,2.5,bad,1,oversample_low_100
train,E2,P10,T4,2.82,bad,1,oversample_low_101
train,E4,P15,T6,1.58,bad,1,oversample_low_102
train,E1,P14,T4,2.02,bad,1,oversample_low_103
train,E0,P10,T5,1.34,bad,1,oversample_low_104
train,E3,P10,T5,1.44,bad,1,oversample_low_105
train,E1,P10,T5,2.92,bad,1,oversample_low_106
train,E0,P15,T6,2.86,bad,1,oversample_low_107
train,E0,P10,T3,2.6,bad,1,oversample_low_108
train,E5,P10,T6,2.95,bad,1,oversample_low_109
train,E4,P15,T5,2.58,bad,1,oversample_low_110
train,E7,P14,T5,1.8,bad,1,oversample_low_111
train,E4,P14,T6,2.5,bad,1,oversample_low_112
train,E3,P10,T6,2.14,bad,1,oversample_low_113
train,E2,P10,T4,2.82,bad,1,oversample_low_114
train,E8,P15,T4,2.88,bad,1,oversample_low_115
train,E3,P14,T4,2.58,bad,1,oversample_low_116
train,E4,P14,T6,2.5,bad,1,oversample_low_117
train,E8,P15,T6,2.58,bad,1,oversample_low_118
train,E3,P10,T6,2.14,bad,1,oversample_low_119
train,E2,P10,T4,2.82,bad,1,oversample_low_120
train,E1,P14,T6,2.04,bad,1,oversample_low_121
train,E9,P10,T6,2.1,bad,1,oversample_low_122
train,E0,P10,T4,1.76,bad,1,oversample_low_123
train,E7,P14,T5,1.8,bad,1,oversample_low_124
train,E4,P15,T6,1.58,bad,1,oversample_low_125
train,E0,P15,T6,2.86,bad,1,oversample_low_126
train,E3,P10,T4,2.58,bad,1,oversample_low_127
train,E0,P14,T4,2.36,bad,1,oversample_low_128
train,E3,P10,T6,2.14,bad,1,oversample_low_129
train,E2,P10,T6,2.34,bad,1,oversample_low_130
train,E8,P15,T4,2.88,bad,1,oversample_low_131
train,E1,P10,T4,2.925,bad,1,oversample_low_132
train,E3,P10,T6,2.14,bad,1,oversample_low_133
train,E4,P10,T6,1.78,bad,1,oversample_low_134
train,E8,P15,T6,2.58,bad,1,oversample_low_135
train,E1,P10,T4,2.925,bad,1,oversample_low_136
train,E1,P14,T5,2.62,bad,1,oversample_low_137
train,E4,P10,T4,2.86,bad,1,oversample_low_138
train,E0,P10,T5,1.34,bad,1,oversample_low_139
train,E3,P14,T4,2.58,bad,1,oversample_low_140
train,E1,P14,T6,2.04,bad,1,oversample_low_141
train,E9,P15,T5,2.775,bad,1,oversample_low_142
train,E9,P10,T6,2.1,bad,1,oversample_low_143
train,E1,P10,T4,2.925,bad,1,oversample_low_144
train,E8,P15,T6,2.58,bad,1,oversample_low_145
train,E1,P10,T3,2.4333,bad,1,oversample_low_146
train,E3,P10,T4,2.58,bad,1,oversample_low_147
train,E9,P10,T3,2.8333,bad,1,oversample_low_148
train,E0,P10,T4,1.76,bad,1,oversample_low_149
train,E2,P10,T6,2.34,bad,1,oversample_low_150
train,E3,P14,T4,2.58,bad,1,oversample_low_151
train,E3,P10,T6,2.14,bad,1,oversample_low_152
train,E4,P10,T5,2.18,bad,1,oversample_low_153
train,E8,P15,T6,2.58,bad,1,oversample_low_154
train,E1,P10,T4,2.925,bad,1,oversample_low_155
train,E1,P10,T3,2.4333,bad,1,oversample_low_156
train,E3,P10,T4,2.58,bad,1,oversample_low_157
train,E3,P10,T5,1.44,bad,1,oversample_low_158
train,E1,P14,T4,2.02,bad,1,oversample_low_159
train,E2,P10,T4,2.82,bad,1,oversample_low_160
train,E1,P14,T4,2.02,bad,1,oversample_low_161
train,E1,P14,T6,2.04,bad,1,oversample_low_162
train,E2,P10,T6,2.34,bad,1,oversample_low_163
train,E1,P14,T4,2.02,bad,1,oversample_low_164
train,E3,P10,T6,2.14,bad,1,oversample_low_165
train,E8,P15,T6,2.58,bad,1,oversample_low_166
train,E1,P10,T3,2.4333,bad,1,oversample_low_167
train,E2,P10,T4,2.82,bad,1,oversample_low_168
train,E4,P15,T5,2.58,bad,1,oversample_low_169
train,E1,P14,T4,2.02,bad,1,oversample_low_170
train,E4,P15,T6,1.58,bad,1,oversample_low_171
train,E1,P10,T3,2.4333,bad,1,oversample_low_172
train,E0,P10,T3,2.6,bad,1,oversample_low_173
train,E4,P15,T5,2.58,bad,1,oversample_low_174
train,E0,P10,T3,2.6,bad,1,oversample_low_175
train,E2,P10,T4,2.82,bad,1,oversample_low_176
train,E1,P10,T3,2.4333,bad,1,oversample_low_177
train,E2,P10,T6,2.34,bad,1,oversample_low_178
train,E3,P14,T4,2.58,bad,1,oversample_low_179
train,E8,P15,T4,2.88,bad,1,oversample_low_180
train,E0,P10,T3,2.6,bad,1,oversample_low_181
train,E0,P15,T6,2.86,bad,1,oversample_low_182
train,E8,P15,T5,2.98,bad,1,oversample_low_183
train,E3,P10,T5,1.44,bad,1,oversample_low_184
train,E0,P10,T5,1.34,bad,1,oversample_low_185
train,E4,P14,T6,2.5,bad,1,oversample_low_186
train,E9,P10,T3,2.8333,bad,1,oversample_low_187
train,E3,P10,T4,2.58,bad,1,oversample_low_188
train,E0,P10,T6,2.44,bad,1,oversample_low_189
train,E3,P14,T6,1.98,bad,1,oversample_low_190
train,E3,P10,T4,2.58,bad,1,oversample_low_191
train,E4,P10,T6,1.78,bad,1,oversample_low_192
train,E1,P14,T4,2.02,bad,1,oversample_low_193
train,E3,P14,T4,2.58,bad,1,oversample_low_194
train,E4,P10,T5,2.18,bad,1,oversample_low_195
train,E7,P10,T6,2.66,bad,1,oversample_low_196
train,E3,P14,T4,2.58,bad,1,oversample_low_197
train,E1,P10,T3,2.4333,bad,1,oversample_low_198
train,E1,P10,T5,2.92,bad,1,oversample_low_199
train,E4,P15,T6,1.58,bad,1,oversample_low_200
train,E0,P15,T5,2.0,bad,1,oversample_low_201
train,E4,P15,T6,1.58,bad,1,oversample_low_202
train,E3,P10,T4,2.58,bad,1,oversample_low_203
train,E0,P10,T4,1.76,bad,1,oversample_low_204
train,E3,P10,T6,2.14,bad,1,oversample_low_205
train,E1,P10,T4,2.925,bad,1,oversample_low_206
train,E0,P14,T5,2.1,bad,1,oversample_low_207
train,E3,P10,T4,2.58,bad,1,oversample_low_208
train,E0,P10,T4,1.76,bad,1,oversample_low_209
train,E0,P10,T5,1.34,bad,1,oversample_low_210
train,E0,P14,T4,2.36,bad,1,oversample_low_211
train,E1,P10,T3,2.4333,bad,1,oversample_low_212
train,E0,P10,T6,2.44,bad,1,oversample_low_213
train,E8,P15,T6,2.58,bad,1,oversample_low_214
train,E3,P10,T6,2.14,bad,1,oversample_low_215
train,E9,P15,T5,2.775,bad,1,oversample_low_216
train,E7,P14,T5,1.8,bad,1,oversample_low_217
train,E3,P10,T5,1.44,bad,1,oversample_low_218
train,E0,P10,T4,1.76,bad,1,oversample_low_219
train,E9,P15,T5,2.775,bad,1,oversample_low_220
train,E4,P14,T6,2.5,bad,1,oversample_low_221
train,E1,P14,T6,2.04,bad,1,oversample_low_222
train,E0,P14,T4,2.36,bad,1,oversample_low_223
train,E4,P15,T5,2.58,bad,1,oversample_low_224
train,E1,P14,T4,2.02,bad,1,oversample_low_225
train,E7,P14,T5,1.8,bad,1,oversample_low_226
train,E1,P14,T6,2.04,bad,1,oversample_low_227
train,E1,P14,T5,2.62,bad,1,oversample_low_228
train,E1,P10,T5,2.92,bad,1,oversample_low_229
train,E0,P10,T5,1.34,bad,1,oversample_low_230
train,E3,P14,T4,2.58,bad,1,oversample_low_231
train,E4,P15,T5,2.58,bad,1,oversample_low_232
train,E1,P14,T5,2.62,bad,1,oversample_low_233
train,E9,P10,T3,2.8333,bad,1,oversample_low_234
train,E0,P10,T4,1.76,bad,1,oversample_low_235
train,E3,P10,T4,2.58,bad,1,oversample_low_236
train,E9,P10,T6,2.1,bad,1,oversample_low_237
train,E4,P10,T5,2.18,bad,1,oversample_low_238
train,E9,P10,T3,2.8333,bad,1,oversample_low_239
train,E3,P10,T6,2.14,bad,1,oversample_low_240
train,E4,P14,T6,2.5,bad,1,oversample_low_241
train,E1,P14,T4,2.02,bad,1,oversample_low_242
train,E4,P15,T6,1.58,bad,1,oversample_low_243
train,E1,P10,T5,2.92,bad,1,oversample_low_244
train,E9,P10,T6,2.1,bad,1,oversample_low_245
train,E3,P10,T5,1.44,bad,1,oversample_low_246
train,E0,P14,T4,2.36,bad,1,oversample_low_247
train,E0,P14,T6,2.94,bad,1,oversample_low_248
train,E9,P10,T6,2.1,bad,1,oversample_low_249
train,E9,P10,T3,2.8333,bad,1,oversample_low_250
train,E3,P10,T4,2.58,bad,1,oversample_low_251
train,E4,P10,T6,1.78,bad,1,oversample_low_252
train,E2,P10,T6,2.34,bad,1,oversample_low_253
train,E8,P15,T4,2.88,bad,1,oversample_low_254
train,E0,P14,T6,2.94,bad,1,oversample_low_255
train,E9,P10,T6,2.1,bad,1,oversample_low_256
train,E1,P14,T6,2.04,bad,1,oversample_low_257
train,E9,P15,T5,2.775,bad,1,oversample_low_258
train,E5,P10,T6,2.95,bad,1,oversample_low_259
train,E1,P10,T4,2.925,bad,1,oversample_low_260
train,E7,P14,T5,1.8,bad,1,oversample_low_261
train,E0,P10,T6,2.44,bad,1,oversample_low_262
train,E2,P10,T4,2.82,bad,1,oversample_low_263
train,E3,P14,T4,2.58,bad,1,oversample_low_264
train,E3,P14,T4,2.58,bad,1,oversample_low_265
train,E3,P10,T6,2.14,bad,1,oversample_low_266
train,E1,P10,T3,2.4333,bad,1,oversample_low_267
train,E3,P10,T5,1.44,bad,1,oversample_low_268
train,E0,P10,T4,1.76,bad,1,oversample_low_269
train,E4,P10,T6,1.78,bad,1,oversample_low_270
train,E7,P14,T5,1.8,bad,1,oversample_low_271
train,E8,P15,T4,2.88,bad,1,oversample_low_272
train,E0,P10,T6,2.44,bad,1,oversample_low_273
train,E0,P10,T3,2.6,bad,1,oversample_low_274
train,E4,P10,T5,2.18,bad,1,oversample_low_275
train,E3,P10,T6,2.14,bad,1,oversample_low_276
train,E0,P10,T6,2.44,bad,1,oversample_low_277
train,E4,P15,T6,1.58,bad,1,oversample_low_278
train,E8,P15,T4,2.88,bad,1,oversample_low_279
train,E8,P15,T6,2.58,bad,1,oversample_low_280
train,E8,P15,T5,2.98,bad,1,oversample_low_281
train,E9,P15,T5,2.775,bad,1,oversample_low_282
train,E3,P10,T6,2.14,bad,1,oversample_low_283
train,E4,P14,T6,2.5,bad,1,oversample_low_284
train,E7,P10,T6,2.66,bad,1,oversample_low_285
train,E7,P10,T6,2.66,bad,1,oversample_low_286
train,E3,P10,T5,1.44,bad,1,oversample_low_287
train,E4,P15,T5,2.58,bad,1,oversample_low_288
train,E0,P14,T4,2.36,bad,1,oversample_low_289
train,E3,P10,T6,2.14,bad,1,oversample_low_290
train,E3,P10,T5,1.44,bad,1,oversample_low_291
train,E0,P14,T4,2.36,bad,1,oversample_low_292
train,E8,P15,T6,2.58,bad,1,oversample_low_293
train,E7,P10,T6,2.66,bad,1,oversample_low_294
train,E4,P14,T6,2.5,bad,1,oversample_low_295
train,E3,P10,T4,2.58,bad,1,oversample_low_296
train,E2,P10,T4,2.82,bad,1,oversample_low_297
train,E4,P15,T5,2.58,bad,1,oversample_low_298
train,E0,P14,T5,2.1,bad,1,oversample_low_299
train,E9,P10,T6,2.1,bad,1,oversample_low_300
train,E1,P10,T5,2.92,bad,1,oversample_low_301
train,E3,P14,T6,1.98,bad,1,oversample_low_302
train,E8,P15,T4,2.88,bad,1,oversample_low_303
train,E7,P10,T6,2.66,bad,1,oversample_low_304
train,E9,P10,T3,2.8333,bad,1,oversample_low_305
train,E0,P14,T4,2.36,bad,1,oversample_low_306
train,E9,P10,T6,2.1,bad,1,oversample_low_307
train,E3,P10,T4,2.58,bad,1,oversample_low_308
train,E8,P15,T6,2.58,bad,1,oversample_low_309
train,E8,P15,T5,2.98,bad,1,oversample_low_310
train,E0,P10,T6,2.44,bad,1,oversample_low_311
train,E1,P14,T4,2.02,bad,1,oversample_low_312
train,E0,P15,T5,2.0,bad,1,oversample_low_313
train,E9,P15,T5,2.775,bad,1,oversample_low_314
train,E3,P14,T6,1.98,bad,1,oversample_low_315
train,E0,P15,T5,2.0,bad,1,oversample_low_316
train,E3,P10,T4,2.58,bad,1,oversample_low_317
train,E4,P10,T4,2.86,bad,1,oversample_low_318
train,E0,P10,T6,2.44,bad,1,oversample_low_319
train,E8,P15,T6,2.58,bad,1,oversample_low_320
train,E3,P14,T4,2.58,bad,1,oversample_low_321
train,E1,P10,T5,2.92,bad,1,oversample_low_322
train,E4,P15,T5,2.58,bad,1,oversample_low_323
train,E7,P14,T5,1.8,bad,1,oversample_low_324
train,E5,P10,T6,2.95,bad,1,oversample_low_325
train,E9,P15,T5,2.775,bad,1,oversample_low_326
train,E3,P10,T6,2.14,bad,1,oversample_low_327
train,E4,P10,T5,2.18,bad,1,oversample_low_328
train,E1,P14,T6,2.04,bad,1,oversample_low_329
train,E0,P14,T5,2.1,bad,1,oversample_low_330
train,E2,P10,T4,2.82,bad,1,oversample_low_331
train,E3,P10,T6,2.14,bad,1,oversample_low_332
train,E0,P14,T4,2.36,bad,1,oversample_low_333
train,E7,P14,T5,1.8,bad,1,oversample_low_334
train,E5,P10,T6,2.95,bad,1,oversample_low_335
train,E3,P10,T6,2.14,bad,1,oversample_low_336
train,E1,P10,T4,2.925,bad,1,oversample_low_337
train,E4,P10,T5,2.18,bad,1,oversample_low_338
train,E3,P10,T4,2.58,bad,1,oversample_low_339
train,E2,P15,T4,3.5,bad,1,oversample_mid_low_0
train,E4,P15,T0,3.68,bad,1,oversample_mid_low_1
train,E0,P15,T4,3.66,bad,1,oversample_mid_low_2
train,E5,P10,T4,3.275,bad,1,oversample_mid_low_3
train,E7,P15,T4,3.26,bad,1,oversample_mid_low_4
train,E8,P14,T4,3.45,bad,1,oversample_mid_low_5
train,E6,P15,T4,3.1,bad,1,oversample_mid_low_6
train,E4,P10,T3,3.12,bad,1,oversample_mid_low_7
train,E3,P15,T4,3.62,bad,1,oversample_mid_low_8
train,E4,P14,T3,3.32,bad,1,oversample_mid_low_9
train,E2,P14,T6,3.76,bad,1,oversample_mid_low_10
train,E1,P15,T3,3.84,bad,1,oversample_mid_low_11
train,E8,P10,T5,3.84,bad,1,oversample_mid_low_12
train,E7,P15,T3,3.6,bad,1,oversample_mid_low_13
train,E1,P10,T6,3.04,bad,1,oversample_mid_low_14
train,E0,P15,T3,3.38,bad,1,oversample_mid_low_15
train,E0,P14,T3,3.88,bad,1,oversample_mid_low_16
train,E9,P15,T6,3.375,bad,1,oversample_mid_low_17
train,E9,P15,T4,3.65,bad,1,oversample_mid_low_18
train,E7,P15,T3,3.6,bad,1,oversample_mid_low_19
train,E9,P14,T3,3.9333,bad,1,oversample_mid_low_20
train,E4,P14,T3,3.32,bad,1,oversample_mid_low_21
train,E8,P10,T6,3.7,bad,1,oversample_mid_low_22
train,E4,P15,T0,3.68,bad,1,oversample_mid_low_23
train,E5,P14,T5,3.9,bad,1,oversample_mid_low_24
train,E1,P0,T2,3.82,bad,1,oversample_mid_low_25
train,E4,P15,T4,3.66,bad,1,oversample_mid_low_26
train,E6,P10,T4,3.44,bad,1,oversample_mid_low_27
train,E6,P14,T3,3.8,bad,1,oversample_mid_low_28
train,E2,P15,T4,3.5,bad,1,oversample_mid_low_29
train,E8,P14,T5,3.0,bad,1,oversample_mid_low_30
train,E9,P15,T4,3.65,bad,1,oversample_mid_low_31
train,E3,P10,T3,3.78,bad,1,oversample_mid_low_32
train,E2,P15,T3,3.76,bad,1,oversample_mid_low_33
train,E4,P15,T4,3.66,bad,1,oversample_mid_low_34
train,E0,P14,T3,3.88,bad,1,oversample_mid_low_35
train,E2,P14,T0,3.9,bad,1,oversample_mid_low_36
train,E0,P10,T0,3.8333,bad,1,oversample_mid_low_37
train,E7,P15,T5,3.78,bad,1,oversample_mid_low_38
train,E9,P15,T4,3.65,bad,1,oversample_mid_low_39
train,E6,P14,T4,3.96,bad,1,oversample_mid_low_40
train,E2,P14,T5,3.6,bad,1,oversample_mid_low_41
train,E8,P10,T5,3.84,bad,1,oversample_mid_low_42
train,E1,P15,T6,3.44,bad,1,oversample_mid_low_43
train,E7,P15,T3,3.6,bad,1,oversample_mid_low_44
train,E1,P0,T1,3.7,bad,1,oversample_mid_low_45
train,E6,P15,T6,3.86,bad,1,oversample_mid_low_46
train,E1,P15,T0,3.8,bad,1,oversample_mid_low_47
train,E5,P10,T4,3.275,bad,1,oversample_mid_low_48
train,E1,P0,T1,3.7,bad,1,oversample_mid_low_49
train,E2,P10,T0,3.82,bad,1,oversample_mid_low_50
train,E5,P10,T4,3.275,bad,1,oversample_mid_low_51
train,E7,P14,T3,3.34,bad,1,oversample_mid_low_52
train,E9,P10,T5,3.05,bad,1,oversample_mid_low_53
train,E9,P10,T5,3.05,bad,1,oversample_mid_low_54
train,E2,P15,T6,3.18,bad,1,oversample_mid_low_55
train,E5,P14,T4,3.775,bad,1,oversample_mid_low_56
train,E7,P14,T3,3.34,bad,1,oversample_mid_low_57
train,E2,P14,T0,3.9,bad,1,oversample_mid_low_58
train,E3,P15,T4,3.62,bad,1,oversample_mid_low_59
train,E4,P10,T3,3.12,bad,1,oversample_mid_low_60
train,E6,P15,T6,3.86,bad,1,oversample_mid_low_61
train,E0,P10,T0,3.8333,bad,1,oversample_mid_low_62
train,E9,P14,T6,3.9,bad,1,oversample_mid_low_63
train,E8,P14,T4,3.45,bad,1,oversample_mid_low_64
train,E1,P14,T3,3.62,bad,1,oversample_mid_low_65
train,E9,P14,T5,3.0667,bad,1,oversample_mid_low_66
train,E6,P15,T4,3.1,bad,1,oversample_mid_low_67
train,E2,P15,T4,3.5,bad,1,oversample_mid_low_68
train,E7,P15,T6,3.04,bad,1,oversample_mid_low_69
train,E5,P10,T4,3.275,bad,1,oversample_mid_low_70
train,E1,P15,T0,3.8,bad,1,oversample_mid_low_71
train,E3,P10,T3,3.78,bad,1,oversample_mid_low_72
train,E1,P0,T2,3.82,bad,1,oversample_mid_low_73
train,E3,P14,T5,3.28,bad,1,oversample_mid_low_74
train,E7,P14,T3,3.34,bad,1,oversample_mid_low_75
train,E4,P10,T3,3.12,bad,1,oversample_mid_low_76
train,E4,P14,T3,3.32,bad,1,oversample_mid_low_77
train,E2,P10,T5,3.5,bad,1,oversample_mid_low_78
train,E9,P15,T6,3.375,bad,1,oversample_mid_low_79
train,E3,P15,T4,3.62,bad,1,oversample_mid_low_80
train,E6,P15,T6,3.86,bad,1,oversample_mid_low_81
train,E5,P15,T6,3.78,bad,1,oversample_mid_low_82
train,E0,P14,T3,3.88,bad,1,oversample_mid_low_83
train,E8,P10,T5,3.84,bad,1,oversample_mid_low_84
train,E7,P14,T3,3.34,bad,1,oversample_mid_low_85
train,E2,P14,T0,3.9,bad,1,oversample_mid_low_86
train,E2,P10,T3,3.88,bad,1,oversample_mid_low_87
train,E2,P15,T5,3.5,bad,1,oversample_mid_low_88
train,E9,P15,T6,3.375,bad,1,oversample_mid_low_89
train,E1,P15,T6,3.44,bad,1,oversample_mid_low_90
train,E2,P10,T3,3.88,bad,1,oversample_mid_low_91
train,E8,P10,T5,3.84,bad,1,oversample_mid_low_92
train,E5,P14,T4,3.775,bad,1,oversample_mid_low_93
train,E6,P15,T6,3.86,bad,1,oversample_mid_low_94
train,E9,P14,T5,3.0667,bad,1,oversample_mid_low_95
train,E1,P14,T3,3.62,bad,1,oversample_mid_low_96
train,E1,P15,T3,3.84,bad,1,oversample_mid_low_97
train,E9,P14,T4,3.6333,bad,1,oversample_mid_low_98
train,E0,P15,T4,3.66,bad,1,oversample_mid_low_99
train,E9,P10,T0,3.7,bad,1,oversample_mid_low_100
train,E9,P14,T3,3.9333,bad,1,oversample_mid_low_101
train,E0,P15,T0,3.7833,bad,1,oversample_mid_low_102
train,E3,P15,T4,3.62,bad,1,oversample_mid_low_103
train,E1,P0,T1,3.7,bad,1,oversample_mid_low_104
train,E2,P10,T3,3.88,bad,1,oversample_mid_low_105
train,E8,P10,T3,3.8,bad,1,oversample_mid_low_106
train,E9,P14,T4,3.6333,bad,1,oversample_mid_low_107
train,E9,P14,T4,3.6333,bad,1,oversample_mid_low_108
train,E9,P10,T5,3.05,bad,1,oversample_mid_low_109
train,E8,P14,T3,3.5,bad,1,oversample_mid_low_110
train,E2,P15,T4,3.5,bad,1,oversample_mid_low_111
train,E5,P10,T5,3.525,bad,1,oversample_mid_low_112
train,E2,P14,T0,3.9,bad,1,oversample_mid_low_113
train,E9,P10,T0,3.7,bad,1,oversample_mid_low_114
train,E1,P0,T1,3.7,bad,1,oversample_mid_low_115
train,E2,P10,T3,3.88,bad,1,oversample_mid_low_116
train,E2,P14,T3,3.52,bad,1,oversample_mid_low_117
train,E0,P15,T0,3.7833,bad,1,oversample_mid_low_118
train,E9,P15,T6,3.375,bad,1,oversample_mid_low_119
train,E7,P10,T4,3.66,bad,1,oversample_mid_low_120
train,E8,P10,T5,3.84,bad,1,oversample_mid_low_121
train,E5,P14,T5,3.9,bad,1,oversample_mid_low_122
train,E5,P15,T6,3.78,bad,1,oversample_mid_low_123
train,E1,P15,T3,3.84,bad,1,oversample_mid_low_124
train,E9,P14,T3,3.9333,bad,1,oversample_mid_low_125
train,E9,P15,T6,3.375,bad,1,oversample_mid_low_126
train,E6,P10,T4,3.44,bad,1,oversample_mid_low_127
train,E2,P15,T4,3.5,bad,1,oversample_mid_low_128
train,E6,P15,T6,3.86,bad,1,oversample_mid_low_129
train,E9,P14,T5,3.0667,bad,1,oversample_mid_low_130
train,E1,P0,T2,3.82,bad,1,oversample_mid_low_131
train,E7,P15,T6,3.04,bad,1,oversample_mid_low_132
train,E9,P14,T3,3.9333,bad,1,oversample_mid_low_133
train,E9,P14,T3,3.9333,bad,1,oversample_mid_low_134
train,E8,P14,T5,3.0,bad,1,oversample_mid_low_135
train,E0,P15,T3,3.38,bad,1,oversample_mid_low_136
train,E4,P10,T0,3.86,bad,1,oversample_mid_low_137
train,E8,P10,T6,3.7,bad,1,oversample_mid_low_138
train,E9,P15,T6,3.375,bad,1,oversample_mid_low_139
train,E7,P15,T3,3.6,bad,1,oversample_mid_low_140
train,E9,P10,T0,3.7,bad,1,oversample_mid_low_141
train,E8,P10,T3,3.8,bad,1,oversample_mid_low_142
train,E7,P15,T5,3.78,bad,1,oversample_mid_low_143
train,E6,P15,T5,3.2,bad,1,oversample_mid_low_144
train,E9,P10,T4,3.1,bad,1,oversample_mid_low_145
train,E8,P14,T5,3.0,bad,1,oversample_mid_low_146
train,E9,P0,T0,3.975,bad,1,oversample_mid_low_147
train,E2,P14,T5,3.6,bad,1,oversample_mid_low_148
train,E6,P15,T6,3.86,bad,1,oversample_mid_low_149
train,E8,P10,T3,3.8,bad,1,oversample_mid_low_150
train,E2,P14,T0,3.9,bad,1,oversample_mid_low_151
train,E2,P14,T4,3.74,bad,1,oversample_mid_low_152
train,E5,P14,T5,3.9,bad,1,oversample_mid_low_153
train,E3,P15,T4,3.62,bad,1,oversample_mid_low_154
train,E5,P14,T4,3.775,bad,1,oversample_mid_low_155
train,E9,P10,T0,3.7,bad,1,oversample_mid_low_156
train,E3,P15,T4,3.62,bad,1,oversample_mid_low_157
train,E7,P15,T3,3.6,bad,1,oversample_mid_low_158
train,E5,P15,T6,3.78,bad,1,oversample_mid_low_159
train,E1,P0,T2,3.82,bad,1,oversample_mid_low_160
train,E9,P15,T6,3.375,bad,1,oversample_mid_low_161
train,E7,P10,T4,3.66,bad,1,oversample_mid_low_162
train,E9,P10,T0,3.7,bad,1,oversample_mid_low_163
train,E6,P14,T3,3.8,bad,1,oversample_mid_low_164
train,E6,P14,T4,3.96,bad,1,oversample_mid_low_165
train,E1,P10,T6,3.04,bad,1,oversample_mid_low_166
train,E7,P10,T4,3.66,bad,1,oversample_mid_low_167
train,E1,P15,T6,3.44,bad,1,oversample_mid_low_168
train,E3,P14,T5,3.28,bad,1,oversample_mid_low_169
train,E6,P14,T3,3.8,bad,1,oversample_mid_low_170
train,E6,P10,T4,3.44,bad,1,oversample_mid_low_171
train,E6,P10,T4,3.44,bad,1,oversample_mid_low_172
train,E8,P10,T6,3.7,bad,1,oversample_mid_low_173
train,E9,P15,T6,3.375,bad,1,oversample_mid_low_174
train,E9,P15,T6,3.375,bad,1,oversample_mid_low_175
train,E3,P15,T6,3.3,bad,1,oversample_mid_low_176
train,E4,P14,T3,3.32,bad,1,oversample_mid_low_177
train,E0,P10,T0,3.8333,bad,1,oversample_mid_low_178
train,E1,P15,T5,3.1,bad,1,oversample_mid_low_179
train,E5,P14,T4,3.775,bad,1,oversample_mid_low_180
train,E9,P14,T5,3.0667,bad,1,oversample_mid_low_181
train,E9,P15,T6,3.375,bad,1,oversample_mid_low_182
train,E9,P14,T5,3.0667,bad,1,oversample_mid_low_183
train,E1,P14,T3,3.62,bad,1,oversample_mid_low_184
train,E4,P14,T3,3.32,bad,1,oversample_mid_low_185
train,E4,P10,T0,3.86,bad,1,oversample_mid_low_186
train,E3,P14,T5,3.28,bad,1,oversample_mid_low_187
train,E7,P15,T4,3.26,bad,1,oversample_mid_low_188
train,E9,P14,T4,3.6333,bad,1,oversample_mid_low_189
train,E3,P15,T4,3.62,bad,1,oversample_mid_low_190
train,E9,P10,T4,3.1,bad,1,oversample_mid_low_191
train,E7,P15,T6,3.04,bad,1,oversample_mid_low_192
train,E4,P15,T4,3.66,bad,1,oversample_mid_low_193
train,E1,P15,T5,3.1,bad,1,oversample_mid_low_194
train,E4,P14,T4,3.22,bad,1,oversample_mid_low_195
train,E6,P15,T6,3.86,bad,1,oversample_mid_low_196
train,E3,P14,T5,3.28,bad,1,oversample_mid_low_197
train,E2,P15,T6,3.18,bad,1,oversample_mid_low_198
train,E2,P15,T5,3.5,bad,1,oversample_mid_low_199
train,E6,P10,T4,3.44,bad,1,oversample_mid_low_200
train,E2,P10,T0,3.82,bad,1,oversample_mid_low_201
train,E7,P15,T6,3.04,bad,1,oversample_mid_low_202
train,E2,P15,T4,3.5,bad,1,oversample_mid_low_203
train,E2,P10,T0,3.82,bad,1,oversample_mid_low_204
train,E5,P10,T4,3.275,bad,1,oversample_mid_low_205
train,E9,P10,T0,3.7,bad,1,oversample_mid_low_206
train,E1,P15,T5,3.1,bad,1,oversample_mid_low_207
train,E6,P15,T5,3.2,bad,1,oversample_mid_low_208
train,E0,P15,T4,3.66,bad,1,oversample_mid_low_209
train,E4,P15,T3,3.26,bad,1,oversample_mid_low_210
train,E9,P14,T5,3.0667,bad,1,oversample_mid_low_211
train,E2,P14,T0,3.9,bad,1,oversample_mid_low_212
train,E9,P15,T4,3.65,bad,1,oversample_mid_low_213
train,E8,P10,T3,3.8,bad,1,oversample_mid_low_214
train,E7,P14,T3,3.34,bad,1,oversample_mid_low_215
train,E3,P15,T4,3.62,bad,1,oversample_mid_low_216
train,E9,P15,T4,3.65,bad,1,oversample_mid_low_217
train,E1,P15,T6,3.44,bad,1,oversample_mid_low_218
train,E7,P10,T4,3.66,bad,1,oversample_mid_low_219
train,E9,P14,T3,3.9333,bad,1,oversample_mid_low_220
train,E2,P15,T6,3.18,bad,1,oversample_mid_low_221
train,E2,P10,T3,3.88,bad,1,oversample_mid_low_222
train,E8,P10,T3,3.8,bad,1,oversample_mid_low_223
train,E0,P10,T0,3.8333,bad,1,oversample_mid_low_224
train,E2,P10,T3,3.88,bad,1,oversample_mid_low_225
train,E1,P0,T2,3.82,bad,1,oversample_mid_low_226
train,E8,P14,T4,3.45,bad,1,oversample_mid_low_227
train,E9,P14,T4,3.6333,bad,1,oversample_mid_low_228
train,E1,P0,T1,3.7,bad,1,oversample_mid_low_229
train,E3,P10,T3,3.78,bad,1,oversample_mid_low_230
train,E6,P15,T6,3.86,bad,1,oversample_mid_low_231
train,E9,P15,T4,3.65,bad,1,oversample_mid_low_232
train,E0,P14,T3,3.88,bad,1,oversample_mid_low_233
train,E9,P10,T0,3.7,bad,1,oversample_mid_low_234
train,E1,P15,T5,3.1,bad,1,oversample_mid_low_235
train,E6,P14,T4,3.96,bad,1,oversample_mid_low_236
train,E1,P0,T2,3.82,bad,1,oversample_mid_low_237
train,E9,P14,T6,3.9,bad,1,oversample_mid_low_238
train,E4,P14,T3,3.32,bad,1,oversample_mid_low_239
train,E9,P10,T5,3.05,bad,1,oversample_mid_low_240
train,E8,P10,T6,3.7,bad,1,oversample_mid_low_241
train,E5,P14,T5,3.9,bad,1,oversample_mid_low_242
train,E9,P14,T5,3.0667,bad,1,oversample_mid_low_243
train,E5,P14,T5,3.9,bad,1,oversample_mid_low_244
train,E1,P15,T6,3.44,bad,1,oversample_mid_low_245
train,E1,P15,T6,3.44,bad,1,oversample_mid_low_246
train,E2,P14,T3,3.52,bad,1,oversample_mid_low_247
train,E0,P10,T0,3.8333,bad,1,oversample_mid_low_248
train,E6,P15,T5,3.2,bad,1,oversample_mid_low_249
train,E7,P15,T4,3.26,bad,1,oversample_mid_low_250
train,E6,P15,T5,3.2,bad,1,oversample_mid_low_251
train,E6,P10,T4,3.44,bad,1,oversample_mid_low_252
train,E9,P15,T6,3.375,bad,1,oversample_mid_low_253
train,E9,P0,T0,3.975,bad,1,oversample_mid_low_254
train,E0,P15,T4,3.66,bad,1,oversample_mid_low_255
train,E9,P14,T3,3.9333,bad,1,oversample_mid_low_256
train,E5,P15,T6,3.78,bad,1,oversample_mid_low_257
train,E4,P14,T4,3.22,bad,1,oversample_mid_low_258
train,E4,P10,T3,3.12,bad,1,oversample_mid_low_259
train,E9,P15,T4,3.65,bad,1,oversample_mid_low_260
train,E4,P14,T3,3.32,bad,1,oversample_mid_low_261
train,E0,P15,T3,3.38,bad,1,oversample_mid_low_262
train,E7,P15,T3,3.6,bad,1,oversample_mid_low_263
train,E0,P15,T0,3.7833,bad,1,oversample_mid_low_264
train,E1,P10,T6,3.04,bad,1,oversample_mid_low_265
train,E2,P10,T0,3.82,bad,1,oversample_mid_low_266
train,E9,P14,T6,3.9,bad,1,oversample_mid_low_267
train,E9,P14,T4,3.6333,bad,1,oversample_mid_low_268
train,E1,P15,T6,3.44,bad,1,oversample_mid_low_269
train,E3,P14,T5,3.28,bad,1,oversample_mid_low_270
train,E7,P14,T3,3.34,bad,1,oversample_mid_low_271
train,E8,P14,T5,3.0,bad,1,oversample_mid_low_272
train,E5,P10,T5,3.525,bad,1,oversample_mid_low_273
valid,E0,P11,T0,3.56,bad,0,original
valid,E0,P11,T3,2.72,bad,0,original
valid,E0,P11,T4,2.6,bad,0,original
valid,E0,P11,T5,2.38,bad,0,original
valid,E0,P11,T6,2.28,bad,0,original
valid,E0,P1,T0,4.68,good,0,original
valid,E0,P1,T1,4.64,good,0,original
valid,E0,P6,T0,4.28,good,0,original
valid,E0,P6,T1,4.22,good,0,original
valid,E0,P6,T2,3.82,bad,0,original
valid,E1,P11,T0,4.475,good,0,original
valid,E1,P11,T3,3.72,bad,0,original
valid,E1,P11,T4,2.85,bad,0,original
valid,E1,P11,T5,3.2,bad,0,original
valid,E1,P11,T6,2.88,bad,0,original
valid,E1,P1,T0,4.94,good,0,original
valid,E1,P1,T1,4.94,good,0,original
valid,E1,P1,T2,4.94,good,0,original
valid,E1,P6,T0,4.42,good,0,original
valid,E1,P6,T1,4.4,good,0,original
valid,E1,P6,T2,4.06,good,0,original
valid,E2,P11,T0,3.9,bad,0,original
valid,E2,P11,T3,2.66,bad,0,original
valid,E2,P11,T4,3.26,bad,0,original
valid,E2,P11,T5,3.64,bad,0,original
valid,E2,P11,T6,2.86,bad,0,original
valid,E2,P1,T0,5.0,good,0,original
valid,E2,P1,T1,4.96,good,0,original
valid,E2,P1,T2,5.0,good,0,original
valid,E2,P6,T0,4.72,good,0,original
valid,E2,P6,T1,4.76,good,0,original
valid,E3,P11,T0,4.56,good,0,original
valid,E3,P11,T3,4.1,good,0,original
valid,E3,P11,T4,3.1,bad,0,original
valid,E3,P11,T5,3.1,bad,0,original
valid,E3,P11,T6,2.88,bad,0,original
valid,E3,P1,T0,4.82,good,0,original
valid,E3,P1,T1,4.68,good,0,original
valid,E3,P6,T0,4.42,good,0,original
valid,E3,P6,T1,4.34,good,0,original
valid,E3,P6,T2,4.5,good,0,original
valid,E4,P11,T0,4.0,good,0,original
valid,E4,P11,T3,2.74,bad,0,original
valid,E4,P11,T4,3.12,bad,0,original
valid,E4,P11,T5,3.2,bad,0,original
valid,E4,P11,T6,2.64,bad,0,original
valid,E4,P1,T0,4.74,good,0,original
valid,E4,P1,T1,4.82,good,0,original
valid,E4,P1,T2,4.82,good,0,original
valid,E4,P6,T0,4.5,good,0,original
valid,E4,P6,T1,4.66,good,0,original
valid,E4,P6,T2,4.64,good,0,original
valid,E5,P11,T0,4.76,good,0,original
valid,E5,P11,T3,3.72,bad,0,original
valid,E5,P11,T4,3.975,bad,0,original
valid,E5,P11,T5,4.06,good,0,original
valid,E5,P11,T6,3.8,bad,0,original
valid,E5,P1,T0,4.78,good,0,original
valid,E5,P1,T1,4.86,good,0,original
valid,E5,P1,T2,4.86,good,0,original
valid,E5,P6,T0,4.825,good,0,original
valid,E5,P6,T1,4.825,good,0,original
valid,E5,P6,T2,4.825,good,0,original
valid,E6,P11,T0,4.72,good,0,original
valid,E6,P11,T3,4.06,good,0,original
valid,E6,P11,T4,3.98,bad,0,original
valid,E6,P11,T5,3.6,bad,0,original
valid,E6,P11,T6,3.62,bad,0,original
valid,E6,P1,T0,4.86,good,0,original
valid,E6,P1,T1,4.84,good,0,original
valid,E6,P1,T2,4.84,good,0,original
valid,E6,P6,T0,4.94,good,0,original
valid,E6,P6,T2,4.96,good,0,original
valid,E7,P11,T0,5.0,good,0,original
valid,E7,P11,T3,4.54,good,0,original
valid,E7,P11,T4,3.72,bad,0,original
valid,E7,P11,T5,3.54,bad,0,original
valid,E7,P11,T6,4.12,good,0,original
valid,E7,P1,T0,4.68,good,0,original
valid,E7,P1,T1,4.58,good,0,original
valid,E7,P1,T2,4.58,good,0,original
valid,E7,P6,T0,4.42,good,0,original
valid,E7,P6,T1,4.5,good,0,original
valid,E7,P6,T2,4.54,good,0,original
valid,E8,P1,T0,4.9,good,0,original
valid,E8,P1,T1,4.9,good,0,original
valid,E8,P1,T2,4.9,good,0,original
valid,E8,P6,T0,4.9,good,0,original
valid,E8,P6,T1,4.9,good,0,original
valid,E8,P6,T2,4.9,good,0,original
valid,E9,P1,T0,4.5667,good,0,original
valid,E9,P1,T1,4.5667,good,0,original
test,E0,P12,T0,3.58,bad,0,original
test,E0,P12,T3,2.8,bad,0,original
test,E0,P12,T4,3.44,bad,0,original
test,E0,P12,T5,2.3,bad,0,original
test,E0,P12,T6,2.52,bad,0,original
test,E0,P13,T0,3.92,bad,0,original
test,E0,P13,T3,3.22,bad,0,original
test,E0,P13,T4,2.84,bad,0,original
test,E0,P13,T5,3.34,bad,0,original
test,E0,P13,T6,3.18,bad,0,original
test,E0,P8,T0,4.68,good,0,original
test,E0,P8,T1,4.58,good,0,original
test,E0,P8,T2,4.7,good,0,original
test,E0,P9,T0,4.16,good,0,original
test,E0,P9,T1,4.1,good,0,original
test,E0,P9,T2,4.75,good,0,original
test,E1,P12,T0,4.375,good,0,original
test,E1,P12,T3,2.66,bad,0,original
test,E1,P12,T4,3.48,bad,0,original
test,E1,P12,T5,3.1,bad,0,original
test,E1,P12,T6,3.28,bad,0,original
test,E1,P8,T0,4.7,good,0,original
test,E1,P8,T1,4.8,good,0,original
test,E1,P8,T2,4.9,good,0,original
test,E1,P9,T0,4.88,good,0,original
test,E1,P9,T1,4.875,good,0,original
test,E1,P9,T2,5.0,good,0,original
test,E2,P12,T0,4.1,good,0,original
test,E2,P12,T3,3.6,bad,0,original
test,E2,P12,T4,3.22,bad,0,original
test,E2,P12,T5,2.64,bad,0,original
test,E2,P12,T6,3.14,bad,0,original
test,E2,P8,T0,4.94,good,0,original
test,E2,P8,T1,4.94,good,0,original
test,E2,P9,T0,4.62,good,0,original
test,E2,P9,T1,4.78,good,0,original
test,E3,P12,T0,4.64,good,0,original
test,E3,P12,T3,2.78,bad,0,original
test,E3,P12,T4,2.64,bad,0,original
test,E3,P12,T5,3.66,bad,0,original
test,E3,P12,T6,2.14,bad,0,original
test,E3,P8,T0,3.94,bad,0,original
test,E3,P8,T1,4.02,good,0,original
test,E3,P8,T2,4.06,good,0,original
test,E3,P9,T0,3.4694,bad,0,original
test,E3,P9,T1,3.4,bad,0,original
test,E3,P9,T2,3.7,bad,0,original
test,E4,P12,T0,3.92,bad,0,original
test,E4,P12,T3,2.7,bad,0,original
test,E4,P12,T4,2.18,bad,0,original
test,E4,P12,T5,2.58,bad,0,original
test,E4,P8,T0,4.3,good,0,original
test,E4,P8,T1,4.36,good,0,original
test,E4,P8,T2,4.04,good,0,original
test,E4,P9,T0,4.06,good,0,original
test,E4,P9,T1,3.7,bad,0,original
test,E4,P9,T2,4.3,good,0,original
test,E5,P13,T0,4.8,good,0,original
test,E5,P13,T3,4.28,good,0,original
test,E5,P13,T4,3.8,bad,0,original
test,E5,P13,T5,3.18,bad,0,original
test,E5,P13,T6,3.24,bad,0,original
test,E5,P8,T0,4.675,good,0,original
test,E5,P8,T1,4.7,good,0,original
test,E5,P8,T2,4.725,good,0,original
test,E5,P9,T0,4.475,good,0,original
test,E5,P9,T1,4.625,good,0,original
test,E5,P9,T2,4.45,good,0,original
test,E6,P13,T0,4.84,good,0,original
test,E6,P13,T3,3.9,bad,0,original
test,E6,P13,T4,3.78,bad,0,original
test,E6,P13,T5,3.3,bad,0,original
test,E6,P13,T6,3.56,bad,0,original
test,E6,P8,T0,5.0,good,0,original
test,E6,P8,T1,5.0,good,0,original
test,E6,P8,T2,5.0,good,0,original
test,E6,P9,T0,5.0,good,0,original
test,E6,P9,T1,5.0,good,0,original
test,E6,P9,T2,5.0,good,0,original
test,E7,P13,T0,5.0,good,0,original
test,E7,P13,T3,4.38,good,0,original
test,E7,P13,T4,3.72,bad,0,original
test,E7,P13,T5,3.52,bad,0,original
test,E7,P13,T6,2.96,bad,0,original
test,E7,P8,T0,4.0,good,0,original
test,E7,P8,T1,4.54,good,0,original
test,E7,P8,T2,4.54,good,0,original
test,E7,P9,T0,4.24,good,0,original
test,E7,P9,T1,4.04,good,0,original
test,E7,P9,T2,4.4,good,0,original
test,E8,P13,T0,4.66,good,0,original
test,E8,P13,T3,3.88,bad,0,original
test,E8,P13,T4,3.25,bad,0,original
test,E8,P13,T5,3.5,bad,0,original
test,E8,P13,T6,2.425,bad,0,original
test,E8,P8,T0,4.88,good,0,original
test,E8,P8,T1,4.88,good,0,original
test,E8,P8,T2,4.9,good,0,original
test,E8,P9,T0,4.8,good,0,original
test,E8,P9,T1,4.8,good,0,original
test,E8,P9,T2,4.76,good,0,original
test,E9,P8,T0,4.5667,good,0,original
test,E9,P8,T1,4.5667,good,0,original
test,E9,P8,T2,4.5667,good,0,original
test,E9,P9,T0,4.2,good,0,original
test,E9,P9,T1,4.2,good,0,original
test,E9,P9,T2,4.2,good,0,original
