split,exercise,person,trial,camera,score,performance,is_augmented
train,E0,P0,T0,C0,4.3667,good,0
train,E0,P0,T0,C1,4.3667,good,0
train,E0,P0,T0,C2,4.3667,good,0
train,E0,P0,T1,C0,4.26,good,0
train,E0,P0,T1,C1,4.26,good,0
train,E0,P0,T1,C2,4.26,good,0
train,E0,P0,T2,C0,4.16,good,0
train,E0,P0,T2,C1,4.16,good,0
train,E0,P0,T2,C2,4.16,good,0
train,E0,P10,T0,C0,3.8333,bad,0
train,E0,P10,T0,C1,3.8333,bad,0
train,E0,P10,T0,C2,3.8333,bad,0
train,E0,P10,T3,C0,2.6,bad,0
train,E0,P10,T3,C1,2.6,bad,0
train,E0,P10,T3,C2,2.6,bad,0
train,E0,P10,T4,C0,1.76,bad,0
train,E0,P10,T4,C1,1.76,bad,0
train,E0,P10,T4,C2,1.76,bad,0
train,E0,P10,T5,C0,1.34,bad,0
train,E0,P10,T5,C1,1.34,bad,0
train,E0,P10,T5,C2,1.34,bad,0
train,E0,P10,T6,C0,2.44,bad,0
train,E0,P10,T6,C1,2.44,bad,0
train,E0,P10,T6,C2,2.44,bad,0
train,E0,P14,T0,C0,4.64,good,0
train,E0,P14,T0,C1,4.64,good,0
train,E0,P14,T0,C2,4.64,good,0
train,E0,P14,T3,C0,3.88,bad,0
train,E0,P14,T3,C1,3.88,bad,0
train,E0,P14,T3,C2,3.88,bad,0
train,E0,P14,T4,C0,2.36,bad,0
train,E0,P14,T4,C1,2.36,bad,0
train,E0,P14,T4,C2,2.36,bad,0
train,E0,P14,T5,C0,2.1,bad,0
train,E0,P14,T5,C1,2.1,bad,0
train,E0,P14,T5,C2,2.1,bad,0
train,E0,P14,T6,C0,2.94,bad,0
train,E0,P14,T6,C1,2.94,bad,0
train,E0,P14,T6,C2,2.94,bad,0
train,E0,P15,T0,C0,3.7833,bad,0
train,E0,P15,T0,C1,3.7833,bad,0
train,E0,P15,T0,C2,3.7833,bad,0
train,E0,P15,T3,C0,3.38,bad,0
train,E0,P15,T3,C1,3.38,bad,0
train,E0,P15,T3,C2,3.38,bad,0
train,E0,P15,T4,C0,3.66,bad,0
train,E0,P15,T4,C1,3.66,bad,0
train,E0,P15,T4,C2,3.66,bad,0
train,E0,P15,T5,C0,2.0,bad,0
train,E0,P15,T5,C1,2.0,bad,0
train,E0,P15,T5,C2,2.0,bad,0
train,E0,P15,T6,C0,2.86,bad,0
train,E0,P15,T6,C1,2.86,bad,0
train,E0,P15,T6,C2,2.86,bad,0
train,E0,P2,T0,C0,4.74,good,0
train,E0,P2,T0,C1,4.74,good,0
train,E0,P2,T0,C2,4.74,good,0
train,E0,P2,T1,C0,4.74,good,0
train,E0,P2,T1,C1,4.74,good,0
train,E0,P2,T1,C2,4.74,good,0
train,E0,P2,T2,C0,4.72,good,0
train,E0,P2,T2,C1,4.72,good,0
train,E0,P2,T2,C2,4.72,good,0
train,E0,P3,T0,C0,4.44,good,0
train,E0,P3,T0,C1,4.44,good,0
train,E0,P3,T0,C2,4.44,good,0
train,E0,P3,T1,C0,4.38,good,0
train,E0,P3,T1,C1,4.38,good,0
train,E0,P3,T1,C2,4.38,good,0
train,E0,P3,T2,C0,4.42,good,0
train,E0,P3,T2,C1,4.42,good,0
train,E0,P3,T2,C2,4.42,good,0
train,E0,P4,T0,C0,4.44,good,0
train,E0,P4,T0,C1,4.44,good,0
train,E0,P4,T0,C2,4.44,good,0
train,E0,P4,T1,C0,4.4,good,0
train,E0,P4,T1,C1,4.4,good,0
train,E0,P4,T1,C2,4.4,good,0
train,E0,P4,T2,C0,4.58,good,0
train,E0,P4,T2,C1,4.58,good,0
train,E0,P4,T2,C2,4.58,good,0
train,E0,P5,T0,C0,4.3,good,0
train,E0,P5,T0,C1,4.3,good,0
train,E0,P5,T0,C2,4.3,good,0
train,E0,P5,T1,C0,4.22,good,0
train,E0,P5,T1,C1,4.22,good,0
train,E0,P5,T1,C2,4.22,good,0
train,E0,P5,T2,C0,4.22,good,0
train,E0,P5,T2,C1,4.22,good,0
train,E0,P5,T2,C2,4.22,good,0
train,E0,P7,T0,C0,4.64,good,0
train,E0,P7,T0,C1,4.64,good,0
train,E0,P7,T0,C2,4.64,good,0
train,E0,P7,T1,C0,4.54,good,0
train,E0,P7,T1,C1,4.54,good,0
train,E0,P7,T1,C2,4.54,good,0
train,E0,P7,T2,C0,4.48,good,0
train,E0,P7,T2,C1,4.48,good,0
train,E0,P7,T2,C2,4.48,good,0
train,E1,P0,T0,C0,4.32,good,0
train,E1,P0,T0,C1,4.32,good,0
train,E1,P0,T0,C2,4.32,good,0
train,E1,P0,T1,C0,3.7,bad,0
train,E1,P0,T1,C1,3.7,bad,0
train,E1,P0,T1,C2,3.7,bad,0
train,E1,P0,T2,C0,3.82,bad,0
train,E1,P0,T2,C1,3.82,bad,0
train,E1,P0,T2,C2,3.82,bad,0
train,E1,P10,T0,C0,4.3667,good,0
train,E1,P10,T0,C1,4.3667,good,0
train,E1,P10,T0,C2,4.3667,good,0
train,E1,P10,T3,C0,2.4333,bad,0
train,E1,P10,T3,C1,2.4333,bad,0
train,E1,P10,T3,C2,2.4333,bad,0
train,E1,P10,T4,C0,2.925,bad,0
train,E1,P10,T4,C1,2.925,bad,0
train,E1,P10,T4,C2,2.925,bad,0
train,E1,P10,T5,C0,2.92,bad,0
train,E1,P10,T5,C1,2.92,bad,0
train,E1,P10,T5,C2,2.92,bad,0
train,E1,P10,T6,C0,3.04,bad,0
train,E1,P10,T6,C1,3.04,bad,0
train,E1,P10,T6,C2,3.04,bad,0
train,E1,P14,T0,C0,4.92,good,0
train,E1,P14,T0,C1,4.92,good,0
train,E1,P14,T0,C2,4.92,good,0
train,E1,P14,T3,C0,3.62,bad,0
train,E1,P14,T3,C1,3.62,bad,0
train,E1,P14,T3,C2,3.62,bad,0
train,E1,P14,T4,C0,2.02,bad,0
train,E1,P14,T4,C1,2.02,bad,0
train,E1,P14,T4,C2,2.02,bad,0
train,E1,P14,T5,C0,2.62,bad,0
train,E1,P14,T5,C1,2.62,bad,0
train,E1,P14,T5,C2,2.62,bad,0
train,E1,P14,T6,C0,2.04,bad,0
train,E1,P14,T6,C1,2.04,bad,0
train,E1,P14,T6,C2,2.04,bad,0
train,E1,P15,T0,C0,3.8,bad,0
train,E1,P15,T0,C1,3.8,bad,0
train,E1,P15,T0,C2,3.8,bad,0
train,E1,P15,T3,C0,3.84,bad,0
train,E1,P15,T3,C1,3.84,bad,0
train,E1,P15,T3,C2,3.84,bad,0
train,E1,P15,T4,C0,4.0,good,0
train,E1,P15,T4,C1,4.0,good,0
train,E1,P15,T4,C2,4.0,good,0
train,E1,P15,T5,C0,3.1,bad,0
train,E1,P15,T5,C1,3.1,bad,0
train,E1,P15,T5,C2,3.1,bad,0
train,E1,P15,T6,C0,3.44,bad,0
train,E1,P15,T6,C1,3.44,bad,0
train,E1,P15,T6,C2,3.44,bad,0
train,E1,P2,T0,C0,5.0,good,0
train,E1,P2,T0,C1,5.0,good,0
train,E1,P2,T0,C2,5.0,good,0
train,E1,P2,T1,C0,4.98,good,0
train,E1,P2,T1,C1,4.98,good,0
train,E1,P2,T1,C2,4.98,good,0
train,E1,P2,T2,C0,4.76,good,0
train,E1,P2,T2,C1,4.76,good,0
train,E1,P2,T2,C2,4.76,good,0
train,E1,P3,T0,C0,4.54,good,0
train,E1,P3,T0,C1,4.54,good,0
train,E1,P3,T0,C2,4.54,good,0
train,E1,P3,T1,C0,4.46,good,0
train,E1,P3,T1,C1,4.46,good,0
train,E1,P3,T1,C2,4.46,good,0
train,E1,P3,T2,C0,4.44,good,0
train,E1,P3,T2,C1,4.44,good,0
train,E1,P3,T2,C2,4.44,good,0
train,E1,P4,T0,C0,4.74,good,0
train,E1,P4,T0,C1,4.74,good,0
train,E1,P4,T0,C2,4.74,good,0
train,E1,P4,T1,C0,4.56,good,0
train,E1,P4,T1,C1,4.56,good,0
train,E1,P4,T1,C2,4.56,good,0
train,E1,P4,T2,C0,4.2,good,0
train,E1,P4,T2,C1,4.2,good,0
train,E1,P4,T2,C2,4.2,good,0
train,E1,P5,T0,C0,4.88,good,0
train,E1,P5,T0,C1,4.88,good,0
train,E1,P5,T0,C2,4.88,good,0
train,E1,P5,T1,C0,4.84,good,0
train,E1,P5,T1,C1,4.84,good,0
train,E1,P5,T1,C2,4.84,good,0
train,E1,P5,T2,C0,4.74,good,0
train,E1,P5,T2,C1,4.74,good,0
train,E1,P5,T2,C2,4.74,good,0
train,E1,P7,T0,C0,4.52,good,0
train,E1,P7,T0,C1,4.52,good,0
train,E1,P7,T0,C2,4.52,good,0
train,E1,P7,T1,C0,4.76,good,0
train,E1,P7,T1,C1,4.76,good,0
train,E1,P7,T1,C2,4.76,good,0
train,E1,P7,T2,C0,4.7,good,0
train,E1,P7,T2,C1,4.7,good,0
train,E1,P7,T2,C2,4.7,good,0
train,E2,P0,T0,C0,4.72,good,0
train,E2,P0,T0,C2,4.72,good,0
train,E2,P0,T1,C0,4.64,good,0
train,E2,P0,T1,C2,4.64,good,0
train,E2,P0,T2,C0,4.72,good,0
train,E2,P0,T2,C2,4.72,good,0
train,E2,P10,T0,C0,3.82,bad,0
train,E2,P10,T0,C1,3.82,bad,0
train,E2,P10,T0,C2,3.82,bad,0
train,E2,P10,T3,C0,3.88,bad,0
train,E2,P10,T3,C1,3.88,bad,0
train,E2,P10,T3,C2,3.88,bad,0
train,E2,P10,T4,C0,2.82,bad,0
train,E2,P10,T4,C1,2.82,bad,0
train,E2,P10,T4,C2,2.82,bad,0
train,E2,P10,T5,C0,3.5,bad,0
train,E2,P10,T5,C1,3.5,bad,0
train,E2,P10,T5,C2,3.5,bad,0
train,E2,P10,T6,C0,2.34,bad,0
train,E2,P10,T6,C1,2.34,bad,0
train,E2,P10,T6,C2,2.34,bad,0
train,E2,P14,T0,C0,3.9,bad,0
train,E2,P14,T0,C1,3.9,bad,0
train,E2,P14,T0,C2,3.9,bad,0
train,E2,P14,T3,C0,3.52,bad,0
train,E2,P14,T3,C1,3.52,bad,0
train,E2,P14,T3,C2,3.52,bad,0
train,E2,P14,T4,C0,3.74,bad,0
train,E2,P14,T4,C1,3.74,bad,0
train,E2,P14,T4,C2,3.74,bad,0
train,E2,P14,T5,C0,3.6,bad,0
train,E2,P14,T5,C1,3.6,bad,0
train,E2,P14,T5,C2,3.6,bad,0
train,E2,P14,T6,C0,3.76,bad,0
train,E2,P14,T6,C1,3.76,bad,0
train,E2,P14,T6,C2,3.76,bad,0
train,E2,P15,T0,C0,4.24,good,0
train,E2,P15,T0,C1,4.24,good,0
train,E2,P15,T0,C2,4.24,good,0
train,E2,P15,T3,C0,3.76,bad,0
train,E2,P15,T3,C1,3.76,bad,0
train,E2,P15,T3,C2,3.76,bad,0
train,E2,P15,T4,C0,3.5,bad,0
train,E2,P15,T4,C1,3.5,bad,0
train,E2,P15,T4,C2,3.5,bad,0
train,E2,P15,T5,C0,3.5,bad,0
train,E2,P15,T5,C1,3.5,bad,0
train,E2,P15,T5,C2,3.5,bad,0
train,E2,P15,T6,C0,3.18,bad,0
train,E2,P15,T6,C1,3.18,bad,0
train,E2,P15,T6,C2,3.18,bad,0
train,E2,P2,T0,C0,4.96,good,0
train,E2,P2,T0,C1,4.96,good,0
train,E2,P2,T0,C2,4.96,good,0
train,E2,P2,T1,C0,4.92,good,0
train,E2,P2,T1,C1,4.92,good,0
train,E2,P2,T1,C2,4.92,good,0
train,E2,P2,T2,C0,4.88,good,0
train,E2,P2,T2,C1,4.88,good,0
train,E2,P2,T2,C2,4.88,good,0
train,E2,P3,T0,C0,4.7,good,0
train,E2,P3,T0,C1,4.7,good,0
train,E2,P3,T0,C2,4.7,good,0
train,E2,P3,T1,C0,4.7,good,0
train,E2,P3,T1,C1,4.7,good,0
train,E2,P3,T1,C2,4.7,good,0
train,E2,P3,T2,C0,4.8,good,0
train,E2,P3,T2,C1,4.8,good,0
train,E2,P3,T2,C2,4.8,good,0
train,E2,P4,T0,C0,4.52,good,0
train,E2,P4,T0,C1,4.52,good,0
train,E2,P4,T0,C2,4.52,good,0
train,E2,P4,T1,C0,4.66,good,0
train,E2,P4,T1,C1,4.66,good,0
train,E2,P4,T1,C2,4.66,good,0
train,E2,P5,T0,C0,4.92,good,0
train,E2,P5,T0,C1,4.92,good,0
train,E2,P5,T0,C2,4.92,good,0
train,E2,P5,T1,C0,4.8,good,0
train,E2,P5,T1,C1,4.8,good,0
train,E2,P5,T1,C2,4.8,good,0
train,E2,P7,T0,C0,4.96,good,0
train,E2,P7,T0,C1,4.96,good,0
train,E2,P7,T0,C2,4.96,good,0
train,E2,P7,T1,C0,4.8,good,0
train,E2,P7,T1,C1,4.8,good,0
train,E2,P7,T1,C2,4.8,good,0
train,E3,P0,T0,C0,4.44,good,0
train,E3,P0,T0,C1,4.44,good,0
train,E3,P0,T0,C2,4.44,good,0
train,E3,P0,T1,C0,4.4082,good,0
train,E3,P0,T1,C1,4.4082,good,0
train,E3,P0,T1,C2,4.4082,good,0
train,E3,P0,T2,C0,4.4,good,0
train,E3,P0,T2,C1,4.4,good,0
train,E3,P0,T2,C2,4.4,good,0
train,E3,P10,T0,C0,4.32,good,0
train,E3,P10,T0,C1,4.32,good,0
train,E3,P10,T0,C2,4.32,good,0
train,E3,P10,T3,C0,3.78,bad,0
train,E3,P10,T3,C1,3.78,bad,0
train,E3,P10,T3,C2,3.78,bad,0
train,E3,P10,T4,C0,2.58,bad,0
train,E3,P10,T4,C1,2.58,bad,0
train,E3,P10,T4,C2,2.58,bad,0
train,E3,P10,T5,C0,1.44,bad,0
train,E3,P10,T5,C1,1.44,bad,0
train,E3,P10,T5,C2,1.44,bad,0
train,E3,P10,T6,C0,2.14,bad,0
train,E3,P10,T6,C1,2.14,bad,0
train,E3,P10,T6,C2,2.14,bad,0
train,E3,P14,T0,C0,4.74,good,0
train,E3,P14,T0,C1,4.74,good,0
train,E3,P14,T0,C2,4.74,good,0
train,E3,P14,T3,C0,4.2,good,0
train,E3,P14,T3,C1,4.2,good,0
train,E3,P14,T3,C2,4.2,good,0
train,E3,P14,T4,C0,2.58,bad,0
train,E3,P14,T4,C1,2.58,bad,0
train,E3,P14,T4,C2,2.58,bad,0
train,E3,P14,T5,C0,3.28,bad,0
train,E3,P14,T5,C1,3.28,bad,0
train,E3,P14,T5,C2,3.28,bad,0
train,E3,P14,T6,C0,1.98,bad,0
train,E3,P14,T6,C1,1.98,bad,0
train,E3,P14,T6,C2,1.98,bad,0
train,E3,P15,T0,C0,4.3,good,0
train,E3,P15,T0,C1,4.3,good,0
train,E3,P15,T0,C2,4.3,good,0
train,E3,P15,T3,C0,4.16,good,0
train,E3,P15,T3,C1,4.16,good,0
train,E3,P15,T3,C2,4.16,good,0
train,E3,P15,T4,C0,3.62,bad,0
train,E3,P15,T4,C1,3.62,bad,0
train,E3,P15,T4,C2,3.62,bad,0
train,E3,P15,T5,C0,4.1,good,0
train,E3,P15,T5,C1,4.1,good,0
train,E3,P15,T5,C2,4.1,good,0
train,E3,P15,T6,C0,3.3,bad,0
train,E3,P15,T6,C1,3.3,bad,0
train,E3,P15,T6,C2,3.3,bad,0
train,E3,P2,T0,C0,4.8,good,0
train,E3,P2,T0,C1,4.8,good,0
train,E3,P2,T0,C2,4.8,good,0
train,E3,P2,T1,C0,4.5,good,0
train,E3,P2,T1,C1,4.5,good,0
train,E3,P2,T1,C2,4.5,good,0
train,E3,P2,T2,C0,4.5,good,0
train,E3,P2,T2,C1,4.5,good,0
train,E3,P2,T2,C2,4.5,good,0
train,E3,P3,T0,C0,4.6,good,0
train,E3,P3,T0,C1,4.6,good,0
train,E3,P3,T0,C2,4.6,good,0
train,E3,P3,T1,C0,4.56,good,0
train,E3,P3,T1,C1,4.56,good,0
train,E3,P3,T1,C2,4.56,good,0
train,E3,P3,T2,C0,4.58,good,0
train,E3,P3,T2,C1,4.58,good,0
train,E3,P3,T2,C2,4.58,good,0
train,E3,P4,T0,C0,4.68,good,0
train,E3,P4,T0,C1,4.68,good,0
train,E3,P4,T0,C2,4.68,good,0
train,E3,P4,T1,C0,4.6,good,0
train,E3,P4,T1,C1,4.6,good,0
train,E3,P4,T1,C2,4.6,good,0
train,E3,P4,T2,C0,4.42,good,0
train,E3,P4,T2,C1,4.42,good,0
train,E3,P4,T2,C2,4.42,good,0
train,E3,P5,T0,C0,4.58,good,0
train,E3,P5,T0,C1,4.58,good,0
train,E3,P5,T0,C2,4.58,good,0
train,E3,P5,T1,C0,4.62,good,0
train,E3,P5,T1,C1,4.62,good,0
train,E3,P5,T1,C2,4.62,good,0
train,E3,P5,T2,C0,4.62,good,0
train,E3,P5,T2,C1,4.62,good,0
train,E3,P5,T2,C2,4.62,good,0
train,E3,P7,T0,C0,4.44,good,0
train,E3,P7,T0,C1,4.44,good,0
train,E3,P7,T0,C2,4.44,good,0
train,E3,P7,T1,C0,4.64,good,0
train,E3,P7,T1,C1,4.64,good,0
train,E3,P7,T1,C2,4.64,good,0
train,E3,P7,T2,C0,4.56,good,0
train,E3,P7,T2,C1,4.56,good,0
train,E3,P7,T2,C2,4.56,good,0
train,E4,P0,T0,C0,4.46,good,0
train,E4,P0,T0,C1,4.46,good,0
train,E4,P0,T0,C2,4.46,good,0
train,E4,P0,T1,C0,4.76,good,0
train,E4,P0,T1,C1,4.76,good,0
train,E4,P0,T1,C2,4.76,good,0
train,E4,P0,T2,C0,4.74,good,0
train,E4,P0,T2,C1,4.74,good,0
train,E4,P0,T2,C2,4.74,good,0
train,E4,P10,T0,C0,3.86,bad,0
train,E4,P10,T0,C1,3.86,bad,0
train,E4,P10,T0,C2,3.86,bad,0
train,E4,P10,T3,C0,3.12,bad,0
train,E4,P10,T3,C1,3.12,bad,0
train,E4,P10,T3,C2,3.12,bad,0
train,E4,P10,T4,C0,2.86,bad,0
train,E4,P10,T4,C1,2.86,bad,0
train,E4,P10,T4,C2,2.86,bad,0
train,E4,P10,T5,C0,2.18,bad,0
train,E4,P10,T5,C1,2.18,bad,0
train,E4,P10,T5,C2,2.18,bad,0
train,E4,P10,T6,C0,1.78,bad,0
train,E4,P10,T6,C1,1.78,bad,0
train,E4,P10,T6,C2,1.78,bad,0
train,E4,P14,T0,C0,4.5,good,0
train,E4,P14,T0,C1,4.5,good,0
train,E4,P14,T0,C2,4.5,good,0
train,E4,P14,T3,C0,3.32,bad,0
train,E4,P14,T3,C1,3.32,bad,0
train,E4,P14,T3,C2,3.32,bad,0
train,E4,P14,T4,C0,3.22,bad,0
train,E4,P14,T4,C1,3.22,bad,0
train,E4,P14,T4,C2,3.22,bad,0
train,E4,P14,T5,C0,4.08,good,0
train,E4,P14,T5,C1,4.08,good,0
train,E4,P14,T5,C2,4.08,good,0
train,E4,P14,T6,C0,2.5,bad,0
train,E4,P14,T6,C1,2.5,bad,0
train,E4,P14,T6,C2,2.5,bad,0
train,E4,P15,T0,C0,3.68,bad,0
train,E4,P15,T0,C1,3.68,bad,0
train,E4,P15,T0,C2,3.68,bad,0
train,E4,P15,T3,C0,3.26,bad,0
train,E4,P15,T3,C1,3.26,bad,0
train,E4,P15,T3,C2,3.26,bad,0
train,E4,P15,T4,C0,3.66,bad,0
train,E4,P15,T4,C1,3.66,bad,0
train,E4,P15,T4,C2,3.66,bad,0
train,E4,P15,T5,C0,2.58,bad,0
train,E4,P15,T5,C1,2.58,bad,0
train,E4,P15,T5,C2,2.58,bad,0
train,E4,P15,T6,C0,1.58,bad,0
train,E4,P15,T6,C1,1.58,bad,0
train,E4,P15,T6,C2,1.58,bad,0
train,E4,P2,T0,C0,4.74,good,0
train,E4,P2,T0,C1,4.74,good,0
train,E4,P2,T0,C2,4.74,good,0
train,E4,P2,T1,C0,4.82,good,0
train,E4,P2,T1,C1,4.82,good,0
train,E4,P2,T1,C2,4.82,good,0
train,E4,P2,T2,C0,4.82,good,0
train,E4,P2,T2,C1,4.82,good,0
train,E4,P2,T2,C2,4.82,good,0
train,E4,P3,T0,C0,4.54,good,0
train,E4,P3,T0,C1,4.54,good,0
train,E4,P3,T0,C2,4.54,good,0
train,E4,P3,T1,C0,4.7143,good,0
train,E4,P3,T1,C1,4.7143,good,0
train,E4,P3,T1,C2,4.7143,good,0
train,E4,P3,T2,C0,4.44,good,0
train,E4,P3,T2,C1,4.44,good,0
train,E4,P3,T2,C2,4.44,good,0
train,E4,P4,T0,C0,4.72,good,0
train,E4,P4,T0,C1,4.72,good,0
train,E4,P4,T0,C2,4.72,good,0
train,E4,P4,T1,C0,4.76,good,0
train,E4,P4,T1,C1,4.76,good,0
train,E4,P4,T1,C2,4.76,good,0
train,E4,P4,T2,C0,4.84,good,0
train,E4,P4,T2,C1,4.84,good,0
train,E4,P4,T2,C2,4.84,good,0
train,E4,P5,T0,C0,4.62,good,0
train,E4,P5,T0,C1,4.62,good,0
train,E4,P5,T0,C2,4.62,good,0
train,E4,P5,T1,C0,4.68,good,0
train,E4,P5,T1,C1,4.68,good,0
train,E4,P5,T1,C2,4.68,good,0
train,E4,P5,T2,C0,4.68,good,0
train,E4,P5,T2,C1,4.68,good,0
train,E4,P5,T2,C2,4.68,good,0
train,E4,P7,T0,C0,4.4286,good,0
train,E4,P7,T0,C1,4.4286,good,0
train,E4,P7,T0,C2,4.4286,good,0
train,E4,P7,T1,C0,4.48,good,0
train,E4,P7,T1,C1,4.48,good,0
train,E4,P7,T1,C2,4.48,good,0
train,E4,P7,T2,C0,4.38,good,0
train,E4,P7,T2,C1,4.38,good,0
train,E4,P7,T2,C2,4.38,good,0
train,E5,P0,T0,C0,4.66,good,0
train,E5,P0,T0,C1,4.66,good,0
train,E5,P0,T0,C2,4.66,good,0
train,E5,P0,T1,C0,4.72,good,0
train,E5,P0,T1,C1,4.72,good,0
train,E5,P0,T1,C2,4.72,good,0
train,E5,P10,T0,C0,4.225,good,0
train,E5,P10,T0,C1,4.225,good,0
train,E5,P10,T0,C2,4.225,good,0
train,E5,P10,T3,C0,4.075,good,0
train,E5,P10,T3,C1,4.075,good,0
train,E5,P10,T3,C2,4.075,good,0
train,E5,P10,T4,C0,3.275,bad,0
train,E5,P10,T4,C1,3.275,bad,0
train,E5,P10,T4,C2,3.275,bad,0
train,E5,P10,T5,C0,3.525,bad,0
train,E5,P10,T5,C1,3.525,bad,0
train,E5,P10,T5,C2,3.525,bad,0
train,E5,P10,T6,C0,2.95,bad,0
train,E5,P10,T6,C1,2.95,bad,0
train,E5,P10,T6,C2,2.95,bad,0
train,E5,P14,T0,C0,4.8,good,0
train,E5,P14,T0,C1,4.8,good,0
train,E5,P14,T0,C2,4.8,good,0
train,E5,P14,T3,C0,4.08,good,0
train,E5,P14,T3,C1,4.08,good,0
train,E5,P14,T3,C2,4.08,good,0
train,E5,P14,T4,C0,3.775,bad,0
train,E5,P14,T4,C1,3.775,bad,0
train,E5,P14,T4,C2,3.775,bad,0
train,E5,P14,T5,C0,3.9,bad,0
train,E5,P14,T5,C1,3.9,bad,0
train,E5,P14,T5,C2,3.9,bad,0
train,E5,P14,T6,C0,4.3,good,0
train,E5,P14,T6,C1,4.3,good,0
train,E5,P14,T6,C2,4.3,good,0
train,E5,P15,T0,C0,4.825,good,0
train,E5,P15,T0,C1,4.825,good,0
train,E5,P15,T0,C2,4.825,good,0
train,E5,P15,T3,C0,4.36,good,0
train,E5,P15,T3,C1,4.36,good,0
train,E5,P15,T3,C2,4.36,good,0
train,E5,P15,T4,C0,4.44,good,0
train,E5,P15,T4,C1,4.44,good,0
train,E5,P15,T4,C2,4.44,good,0
train,E5,P15,T5,C0,4.4,good,0
train,E5,P15,T5,C1,4.4,good,0
train,E5,P15,T5,C2,4.4,good,0
train,E5,P15,T6,C0,3.78,bad,0
train,E5,P15,T6,C1,3.78,bad,0
train,E5,P15,T6,C2,3.78,bad,0
train,E5,P2,T0,C0,4.86,good,0
train,E5,P2,T0,C1,4.86,good,0
train,E5,P2,T0,C2,4.86,good,0
train,E5,P2,T1,C0,4.6,good,0
train,E5,P2,T1,C1,4.6,good,0
train,E5,P2,T1,C2,4.6,good,0
train,E5,P2,T2,C0,4.825,good,0
train,E5,P2,T2,C1,4.825,good,0
train,E5,P2,T2,C2,4.825,good,0
train,E5,P3,T0,C0,4.8,good,0
train,E5,P3,T0,C1,4.8,good,0
train,E5,P3,T0,C2,4.8,good,0
train,E5,P3,T1,C0,4.725,good,0
train,E5,P3,T1,C1,4.725,good,0
train,E5,P3,T1,C2,4.725,good,0
train,E5,P4,T0,C0,4.275,good,0
train,E5,P4,T0,C1,4.275,good,0
train,E5,P4,T0,C2,4.275,good,0
train,E5,P4,T1,C0,4.1,good,0
train,E5,P4,T1,C1,4.1,good,0
train,E5,P4,T1,C2,4.1,good,0
train,E5,P4,T2,C0,4.7692,good,0
train,E5,P4,T2,C1,4.7692,good,0
train,E5,P4,T2,C2,4.7692,good,0
train,E5,P5,T0,C0,4.9,good,0
train,E5,P5,T0,C1,4.9,good,0
train,E5,P5,T0,C2,4.9,good,0
train,E5,P5,T1,C0,4.9,good,0
train,E5,P5,T1,C1,4.9,good,0
train,E5,P5,T1,C2,4.9,good,0
train,E5,P5,T2,C0,4.9,good,0
train,E5,P5,T2,C1,4.9,good,0
train,E5,P5,T2,C2,4.9,good,0
train,E5,P7,T0,C0,4.825,good,0
train,E5,P7,T0,C1,4.825,good,0
train,E5,P7,T0,C2,4.825,good,0
train,E5,P7,T1,C0,4.85,good,0
train,E5,P7,T1,C1,4.85,good,0
train,E5,P7,T1,C2,4.85,good,0
train,E5,P7,T2,C0,4.9,good,0
train,E5,P7,T2,C1,4.9,good,0
train,E5,P7,T2,C2,4.9,good,0
train,E6,P0,T0,C0,5.0,good,0
train,E6,P0,T0,C1,5.0,good,0
train,E6,P0,T0,C2,5.0,good,0
train,E6,P0,T1,C0,5.0,good,0
train,E6,P0,T1,C1,5.0,good,0
train,E6,P0,T1,C2,5.0,good,0
train,E6,P0,T2,C0,4.98,good,0
train,E6,P0,T2,C1,4.98,good,0
train,E6,P0,T2,C2,4.98,good,0
train,E6,P10,T0,C0,4.96,good,0
train,E6,P10,T0,C1,4.96,good,0
train,E6,P10,T0,C2,4.96,good,0
train,E6,P10,T3,C0,4.6,good,0
train,E6,P10,T3,C1,4.6,good,0
train,E6,P10,T3,C2,4.6,good,0
train,E6,P10,T4,C0,3.44,bad,0
train,E6,P10,T4,C1,3.44,bad,0
train,E6,P10,T4,C2,3.44,bad,0
train,E6,P10,T5,C0,4.3,good,0
train,E6,P10,T5,C1,4.3,good,0
train,E6,P10,T5,C2,4.3,good,0
train,E6,P10,T6,C0,3.28,bad,0
train,E6,P10,T6,C1,3.28,bad,0
train,E6,P10,T6,C2,3.28,bad,0
train,E6,P14,T0,C0,4.92,good,0
train,E6,P14,T0,C1,4.92,good,0
train,E6,P14,T0,C2,4.92,good,0
train,E6,P14,T3,C0,3.8,bad,0
train,E6,P14,T3,C1,3.8,bad,0
train,E6,P14,T3,C2,3.8,bad,0
train,E6,P14,T4,C0,3.96,bad,0
train,E6,P14,T4,C1,3.96,bad,0
train,E6,P14,T4,C2,3.96,bad,0
train,E6,P14,T5,C0,4.1,good,0
train,E6,P14,T5,C1,4.1,good,0
train,E6,P14,T5,C2,4.1,good,0
train,E6,P14,T6,C0,4.46,good,0
train,E6,P14,T6,C1,4.46,good,0
train,E6,P14,T6,C2,4.46,good,0
train,E6,P15,T0,C0,4.84,good,0
train,E6,P15,T0,C1,4.84,good,0
train,E6,P15,T0,C2,4.84,good,0
train,E6,P15,T3,C0,4.34,good,0
train,E6,P15,T3,C1,4.34,good,0
train,E6,P15,T3,C2,4.34,good,0
train,E6,P15,T4,C0,3.1,bad,0
train,E6,P15,T4,C1,3.1,bad,0
train,E6,P15,T4,C2,3.1,bad,0
train,E6,P15,T5,C0,3.2,bad,0
train,E6,P15,T5,C1,3.2,bad,0
train,E6,P15,T5,C2,3.2,bad,0
train,E6,P15,T6,C0,3.86,bad,0
train,E6,P15,T6,C1,3.86,bad,0
train,E6,P15,T6,C2,3.86,bad,0
train,E6,P2,T0,C0,4.9,good,0
train,E6,P2,T0,C1,4.9,good,0
train,E6,P2,T0,C2,4.9,good,0
train,E6,P2,T1,C0,4.82,good,0
train,E6,P2,T1,C1,4.82,good,0
train,E6,P2,T1,C2,4.82,good,0
train,E6,P2,T2,C0,4.96,good,0
train,E6,P2,T2,C1,4.96,good,0
train,E6,P2,T2,C2,4.96,good,0
train,E6,P3,T0,C0,4.96,good,0
train,E6,P3,T0,C1,4.96,good,0
train,E6,P3,T0,C2,4.96,good,0
train,E6,P3,T1,C0,4.96,good,0
train,E6,P3,T1,C1,4.96,good,0
train,E6,P3,T1,C2,4.96,good,0
train,E6,P3,T2,C0,4.98,good,0
train,E6,P3,T2,C1,4.98,good,0
train,E6,P3,T2,C2,4.98,good,0
train,E6,P4,T0,C0,5.0,good,0
train,E6,P4,T0,C1,5.0,good,0
train,E6,P4,T0,C2,5.0,good,0
train,E6,P4,T1,C0,5.0,good,0
train,E6,P4,T1,C1,5.0,good,0
train,E6,P4,T1,C2,5.0,good,0
train,E6,P4,T2,C0,5.0,good,0
train,E6,P4,T2,C1,5.0,good,0
train,E6,P5,T0,C0,5.0,good,0
train,E6,P5,T0,C1,5.0,good,0
train,E6,P5,T0,C2,5.0,good,0
train,E6,P5,T1,C0,4.96,good,0
train,E6,P5,T1,C1,4.96,good,0
train,E6,P5,T1,C2,4.96,good,0
train,E6,P5,T2,C0,5.0,good,0
train,E6,P5,T2,C1,5.0,good,0
train,E6,P5,T2,C2,5.0,good,0
train,E6,P7,T0,C0,5.0,good,0
train,E6,P7,T0,C1,5.0,good,0
train,E6,P7,T0,C2,5.0,good,0
train,E6,P7,T1,C0,5.0,good,0
train,E6,P7,T1,C1,5.0,good,0
train,E6,P7,T1,C2,5.0,good,0
train,E6,P7,T2,C0,5.0,good,0
train,E6,P7,T2,C1,5.0,good,0
train,E6,P7,T2,C2,5.0,good,0
train,E7,P0,T0,C0,4.26,good,0
train,E7,P0,T0,C1,4.26,good,0
train,E7,P0,T0,C2,4.26,good,0
train,E7,P0,T1,C0,4.38,good,0
train,E7,P0,T1,C1,4.38,good,0
train,E7,P0,T1,C2,4.38,good,0
train,E7,P0,T2,C0,4.26,good,0
train,E7,P0,T2,C1,4.26,good,0
train,E7,P0,T2,C2,4.26,good,0
train,E7,P10,T0,C0,4.78,good,0
train,E7,P10,T0,C1,4.78,good,0
train,E7,P10,T0,C2,4.78,good,0
train,E7,P10,T3,C0,4.82,good,0
train,E7,P10,T3,C1,4.82,good,0
train,E7,P10,T3,C2,4.82,good,0
train,E7,P10,T4,C0,3.66,bad,0
train,E7,P10,T4,C1,3.66,bad,0
train,E7,P10,T4,C2,3.66,bad,0
train,E7,P10,T5,C0,4.26,good,0
train,E7,P10,T5,C1,4.26,good,0
train,E7,P10,T5,C2,4.26,good,0
train,E7,P10,T6,C0,2.66,bad,0
train,E7,P10,T6,C1,2.66,bad,0
train,E7,P10,T6,C2,2.66,bad,0
train,E7,P14,T0,C0,5.0,good,0
train,E7,P14,T0,C1,5.0,good,0
train,E7,P14,T0,C2,5.0,good,0
train,E7,P14,T3,C0,3.34,bad,0
train,E7,P14,T3,C1,3.34,bad,0
train,E7,P14,T3,C2,3.34,bad,0
train,E7,P14,T4,C0,4.14,good,0
train,E7,P14,T4,C1,4.14,good,0
train,E7,P14,T4,C2,4.14,good,0
train,E7,P14,T5,C0,1.8,bad,0
train,E7,P14,T5,C1,1.8,bad,0
train,E7,P14,T5,C2,1.8,bad,0
train,E7,P14,T6,C0,4.42,good,0
train,E7,P14,T6,C1,4.42,good,0
train,E7,P14,T6,C2,4.42,good,0
train,E7,P15,T0,C0,4.82,good,0
train,E7,P15,T0,C1,4.82,good,0
train,E7,P15,T0,C2,4.82,good,0
train,E7,P15,T3,C0,3.6,bad,0
train,E7,P15,T3,C1,3.6,bad,0
train,E7,P15,T3,C2,3.6,bad,0
train,E7,P15,T4,C0,3.26,bad,0
train,E7,P15,T4,C1,3.26,bad,0
train,E7,P15,T4,C2,3.26,bad,0
train,E7,P15,T5,C0,3.78,bad,0
train,E7,P15,T5,C1,3.78,bad,0
train,E7,P15,T5,C2,3.78,bad,0
train,E7,P15,T6,C0,3.04,bad,0
train,E7,P15,T6,C1,3.04,bad,0
train,E7,P15,T6,C2,3.04,bad,0
train,E7,P2,T0,C0,4.48,good,0
train,E7,P2,T0,C1,4.48,good,0
train,E7,P2,T0,C2,4.48,good,0
train,E7,P2,T1,C0,4.56,good,0
train,E7,P2,T1,C1,4.56,good,0
train,E7,P2,T1,C2,4.56,good,0
train,E7,P2,T2,C0,4.44,good,0
train,E7,P2,T2,C1,4.44,good,0
train,E7,P2,T2,C2,4.44,good,0
train,E7,P3,T0,C0,4.24,good,0
train,E7,P3,T0,C1,4.24,good,0
train,E7,P3,T0,C2,4.24,good,0
train,E7,P3,T1,C0,4.22,good,0
train,E7,P3,T1,C1,4.22,good,0
train,E7,P3,T1,C2,4.22,good,0
train,E7,P3,T2,C0,4.16,good,0
train,E7,P3,T2,C1,4.16,good,0
train,E7,P3,T2,C2,4.16,good,0
train,E7,P4,T0,C0,4.2,good,0
train,E7,P4,T0,C1,4.2,good,0
train,E7,P4,T0,C2,4.2,good,0
train,E7,P4,T1,C0,4.16,good,0
train,E7,P4,T1,C1,4.16,good,0
train,E7,P4,T1,C2,4.16,good,0
train,E7,P4,T2,C0,4.1,good,0
train,E7,P4,T2,C1,4.1,good,0
train,E7,P4,T2,C2,4.1,good,0
train,E7,P5,T0,C0,4.18,good,0
train,E7,P5,T0,C1,4.18,good,0
train,E7,P5,T0,C2,4.18,good,0
train,E7,P5,T1,C0,4.16,good,0
train,E7,P5,T1,C1,4.16,good,0
train,E7,P5,T1,C2,4.16,good,0
train,E7,P5,T2,C0,4.26,good,0
train,E7,P5,T2,C1,4.26,good,0
train,E7,P5,T2,C2,4.26,good,0
train,E7,P7,T0,C0,4.24,good,0
train,E7,P7,T0,C1,4.24,good,0
train,E7,P7,T0,C2,4.24,good,0
train,E7,P7,T1,C0,4.34,good,0
train,E7,P7,T1,C1,4.34,good,0
train,E7,P7,T1,C2,4.34,good,0
train,E7,P7,T2,C0,4.46,good,0
train,E7,P7,T2,C1,4.46,good,0
train,E7,P7,T2,C2,4.46,good,0
train,E8,P0,T0,C0,4.96,good,0
train,E8,P0,T0,C1,4.96,good,0
train,E8,P0,T0,C2,4.96,good,0
train,E8,P0,T1,C0,4.9,good,0
train,E8,P0,T1,C1,4.9,good,0
train,E8,P0,T1,C2,4.9,good,0
train,E8,P0,T2,C0,4.9,good,0
train,E8,P0,T2,C1,4.9,good,0
train,E8,P0,T2,C2,4.9,good,0
train,E8,P10,T0,C0,4.48,good,0
train,E8,P10,T0,C1,4.48,good,0
train,E8,P10,T0,C2,4.48,good,0
train,E8,P10,T3,C0,3.8,bad,0
train,E8,P10,T3,C1,3.8,bad,0
train,E8,P10,T3,C2,3.8,bad,0
train,E8,P10,T4,C0,4.12,good,0
train,E8,P10,T4,C1,4.12,good,0
train,E8,P10,T4,C2,4.12,good,0
train,E8,P10,T5,C0,3.84,bad,0
train,E8,P10,T5,C1,3.84,bad,0
train,E8,P10,T5,C2,3.84,bad,0
train,E8,P10,T6,C0,3.7,bad,0
train,E8,P10,T6,C1,3.7,bad,0
train,E8,P10,T6,C2,3.7,bad,0
train,E8,P14,T0,C0,4.625,good,0
train,E8,P14,T0,C1,4.625,good,0
train,E8,P14,T0,C2,4.625,good,0
train,E8,P14,T3,C0,3.5,bad,0
train,E8,P14,T3,C1,3.5,bad,0
train,E8,P14,T3,C2,3.5,bad,0
train,E8,P14,T4,C0,3.45,bad,0
train,E8,P14,T4,C1,3.45,bad,0
train,E8,P14,T4,C2,3.45,bad,0
train,E8,P14,T5,C0,3.0,bad,0
train,E8,P14,T5,C1,3.0,bad,0
train,E8,P14,T5,C2,3.0,bad,0
train,E8,P14,T6,C0,4.675,good,0
train,E8,P14,T6,C1,4.675,good,0
train,E8,P14,T6,C2,4.675,good,0
train,E8,P15,T0,C0,4.9,good,0
train,E8,P15,T0,C1,4.9,good,0
train,E8,P15,T0,C2,4.9,good,0
train,E8,P15,T3,C0,4.1,good,0
train,E8,P15,T3,C1,4.1,good,0
train,E8,P15,T3,C2,4.1,good,0
train,E8,P15,T4,C0,2.88,bad,0
train,E8,P15,T4,C1,2.88,bad,0
train,E8,P15,T4,C2,2.88,bad,0
train,E8,P15,T5,C0,2.98,bad,0
train,E8,P15,T5,C1,2.98,bad,0
train,E8,P15,T5,C2,2.98,bad,0
train,E8,P15,T6,C0,2.58,bad,0
train,E8,P15,T6,C1,2.58,bad,0
train,E8,P15,T6,C2,2.58,bad,0
train,E8,P2,T0,C0,4.86,good,0
train,E8,P2,T0,C2,4.86,good,0
train,E8,P2,T1,C0,4.86,good,0
train,E8,P2,T1,C2,4.86,good,0
train,E8,P2,T2,C0,4.86,good,0
train,E8,P2,T2,C2,4.86,good,0
train,E8,P3,T0,C0,4.86,good,0
train,E8,P3,T0,C2,4.86,good,0
train,E8,P3,T1,C0,4.88,good,0
train,E8,P3,T1,C2,4.88,good,0
train,E8,P3,T2,C0,4.92,good,0
train,E8,P3,T2,C2,4.92,good,0
train,E8,P4,T0,C0,4.9,good,0
train,E8,P4,T0,C1,4.9,good,0
train,E8,P4,T0,C2,4.9,good,0
train,E8,P4,T1,C0,4.84,good,0
train,E8,P4,T1,C1,4.84,good,0
train,E8,P4,T1,C2,4.84,good,0
train,E8,P4,T2,C0,4.84,good,0
train,E8,P4,T2,C1,4.84,good,0
train,E8,P4,T2,C2,4.84,good,0
train,E8,P5,T0,C0,4.8,good,0
train,E8,P5,T0,C1,4.8,good,0
train,E8,P5,T0,C2,4.8,good,0
train,E8,P5,T1,C0,4.82,good,0
train,E8,P5,T1,C1,4.82,good,0
train,E8,P5,T1,C2,4.82,good,0
train,E8,P5,T2,C0,4.9,good,0
train,E8,P5,T2,C1,4.9,good,0
train,E8,P5,T2,C2,4.9,good,0
train,E8,P7,T0,C0,4.9,good,0
train,E8,P7,T0,C1,4.9,good,0
train,E8,P7,T0,C2,4.9,good,0
train,E8,P7,T1,C0,4.9,good,0
train,E8,P7,T1,C1,4.9,good,0
train,E8,P7,T1,C2,4.9,good,0
train,E8,P7,T2,C0,4.9,good,0
train,E8,P7,T2,C1,4.9,good,0
train,E8,P7,T2,C2,4.9,good,0
train,E9,P0,T0,C0,3.975,bad,0
train,E9,P0,T0,C1,3.975,bad,0
train,E9,P0,T0,C2,3.975,bad,0
train,E9,P0,T1,C0,4.375,good,0
train,E9,P0,T1,C1,4.375,good,0
train,E9,P0,T1,C2,4.375,good,0
train,E9,P0,T2,C0,4.5667,good,0
train,E9,P0,T2,C1,4.5667,good,0
train,E9,P0,T2,C2,4.5667,good,0
train,E9,P10,T0,C0,3.7,bad,0
train,E9,P10,T0,C1,3.7,bad,0
train,E9,P10,T0,C2,3.7,bad,0
train,E9,P10,T3,C0,2.8333,bad,0
train,E9,P10,T3,C1,2.8333,bad,0
train,E9,P10,T3,C2,2.8333,bad,0
train,E9,P10,T4,C0,3.1,bad,0
train,E9,P10,T4,C1,3.1,bad,0
train,E9,P10,T4,C2,3.1,bad,0
train,E9,P10,T5,C0,3.05,bad,0
train,E9,P10,T5,C1,3.05,bad,0
train,E9,P10,T5,C2,3.05,bad,0
train,E9,P10,T6,C0,2.1,bad,0
train,E9,P10,T6,C1,2.1,bad,0
train,E9,P10,T6,C2,2.1,bad,0
train,E9,P14,T0,C0,4.3333,good,0
train,E9,P14,T0,C1,4.3333,good,0
train,E9,P14,T0,C2,4.3333,good,0
train,E9,P14,T3,C0,3.9333,bad,0
train,E9,P14,T3,C1,3.9333,bad,0
train,E9,P14,T3,C2,3.9333,bad,0
train,E9,P14,T4,C0,3.6333,bad,0
train,E9,P14,T4,C1,3.6333,bad,0
train,E9,P14,T4,C2,3.6333,bad,0
train,E9,P14,T5,C0,3.0667,bad,0
train,E9,P14,T5,C1,3.0667,bad,0
train,E9,P14,T5,C2,3.0667,bad,0
train,E9,P14,T6,C0,3.9,bad,0
train,E9,P14,T6,C1,3.9,bad,0
train,E9,P14,T6,C2,3.9,bad,0
train,E9,P15,T0,C0,4.5,good,0
train,E9,P15,T0,C1,4.5,good,0
train,E9,P15,T0,C2,4.5,good,0
train,E9,P15,T3,C0,4.425,good,0
train,E9,P15,T3,C1,4.425,good,0
train,E9,P15,T3,C2,4.425,good,0
train,E9,P15,T4,C0,3.65,bad,0
train,E9,P15,T4,C1,3.65,bad,0
train,E9,P15,T4,C2,3.65,bad,0
train,E9,P15,T5,C0,2.775,bad,0
train,E9,P15,T5,C1,2.775,bad,0
train,E9,P15,T5,C2,2.775,bad,0
train,E9,P15,T6,C0,3.375,bad,0
train,E9,P15,T6,C1,3.375,bad,0
train,E9,P15,T6,C2,3.375,bad,0
train,E9,P2,T0,C0,4.375,good,0
train,E9,P2,T0,C1,4.375,good,0
train,E9,P2,T0,C2,4.375,good,0
train,E9,P2,T1,C0,4.475,good,0
train,E9,P2,T1,C1,4.475,good,0
train,E9,P2,T1,C2,4.475,good,0
train,E9,P2,T2,C0,4.375,good,0
train,E9,P2,T2,C1,4.375,good,0
train,E9,P2,T2,C2,4.375,good,0
train,E9,P3,T0,C0,4.375,good,0
train,E9,P3,T0,C1,4.375,good,0
train,E9,P3,T0,C2,4.375,good,0
train,E9,P3,T1,C0,4.5667,good,0
train,E9,P3,T1,C1,4.5667,good,0
train,E9,P3,T1,C2,4.5667,good,0
train,E9,P3,T2,C0,4.5667,good,0
train,E9,P3,T2,C1,4.5667,good,0
train,E9,P3,T2,C2,4.5667,good,0
train,E9,P4,T0,C0,4.45,good,0
train,E9,P4,T0,C2,4.45,good,0
train,E9,P4,T1,C0,4.375,good,0
train,E9,P4,T1,C1,4.375,good,0
train,E9,P4,T1,C2,4.375,good,0
train,E9,P4,T2,C0,4.5667,good,0
train,E9,P4,T2,C1,4.5667,good,0
train,E9,P4,T2,C2,4.5667,good,0
train,E9,P5,T0,C0,4.5333,good,0
train,E9,P5,T0,C1,4.5333,good,0
train,E9,P5,T0,C2,4.5333,good,0
train,E9,P5,T1,C0,4.5333,good,0
train,E9,P5,T1,C1,4.5333,good,0
train,E9,P5,T1,C2,4.5333,good,0
train,E9,P5,T2,C0,4.5667,good,0
train,E9,P5,T2,C1,4.5667,good,0
train,E9,P5,T2,C2,4.5667,good,0
train,E9,P7,T0,C0,4.475,good,0
train,E9,P7,T0,C1,4.475,good,0
train,E9,P7,T0,C2,4.475,good,0
train,E9,P7,T1,C0,4.375,good,0
train,E9,P7,T1,C1,4.375,good,0
train,E9,P7,T1,C2,4.375,good,0
train,E9,P7,T2,C0,4.5667,good,0
train,E9,P7,T2,C1,4.5667,good,0
train,E9,P7,T2,C2,4.5667,good,0
train,E4,P15,T6,C0,1.58,bad,1
train,E4,P10,T5,C0,2.18,bad,1
train,E7,P14,T5,C1,1.8,bad,1
train,E0,P14,T6,C2,2.94,bad,1
train,E9,P15,T5,C0,2.775,bad,1
train,E4,P10,T5,C1,2.18,bad,1
train,E5,P10,T6,C0,2.95,bad,1
train,E0,P14,T6,C2,2.94,bad,1
train,E0,P15,T5,C0,2.0,bad,1
train,E1,P14,T5,C2,2.62,bad,1
train,E0,P10,T5,C2,1.34,bad,1
train,E4,P15,T6,C1,1.58,bad,1
train,E3,P10,T4,C0,2.58,bad,1
train,E4,P15,T5,C2,2.58,bad,1
train,E1,P10,T4,C2,2.925,bad,1
train,E1,P10,T5,C1,2.92,bad,1
train,E1,P10,T5,C0,2.92,bad,1
train,E3,P14,T6,C1,1.98,bad,1
train,E0,P10,T3,C0,2.6,bad,1
train,E0,P10,T6,C1,2.44,bad,1
train,E3,P14,T4,C0,2.58,bad,1
train,E8,P15,T5,C0,2.98,bad,1
train,E4,P10,T4,C0,2.86,bad,1
train,E4,P15,T5,C2,2.58,bad,1
train,E0,P14,T5,C1,2.1,bad,1
train,E0,P14,T4,C0,2.36,bad,1
train,E0,P14,T4,C0,2.36,bad,1
train,E0,P14,T5,C2,2.1,bad,1
train,E0,P10,T5,C0,1.34,bad,1
train,E0,P15,T5,C0,2.0,bad,1
train,E8,P15,T6,C1,2.58,bad,1
train,E3,P14,T4,C2,2.58,bad,1
train,E0,P10,T5,C1,1.34,bad,1
train,E0,P10,T5,C2,1.34,bad,1
train,E4,P10,T6,C2,1.78,bad,1
train,E1,P10,T5,C0,2.92,bad,1
train,E8,P15,T5,C0,2.98,bad,1
train,E0,P14,T5,C1,2.1,bad,1
train,E7,P14,T5,C0,1.8,bad,1
train,E4,P10,T5,C1,2.18,bad,1
train,E4,P10,T5,C1,2.18,bad,1
train,E3,P14,T4,C2,2.58,bad,1
train,E8,P15,T5,C2,2.98,bad,1
train,E0,P10,T3,C1,2.6,bad,1
train,E4,P10,T5,C1,2.18,bad,1
train,E2,P10,T4,C0,2.82,bad,1
train,E4,P15,T5,C1,2.58,bad,1
train,E3,P10,T4,C1,2.58,bad,1
train,E9,P10,T3,C1,2.8333,bad,1
train,E9,P10,T3,C2,2.8333,bad,1
train,E1,P10,T5,C2,2.92,bad,1
train,E9,P10,T6,C2,2.1,bad,1
train,E0,P14,T4,C1,2.36,bad,1
train,E0,P10,T4,C2,1.76,bad,1
train,E5,P10,T6,C1,2.95,bad,1
train,E0,P14,T5,C0,2.1,bad,1
train,E0,P15,T6,C0,2.86,bad,1
train,E1,P14,T4,C2,2.02,bad,1
train,E3,P10,T6,C2,2.14,bad,1
train,E8,P15,T4,C1,2.88,bad,1
train,E5,P10,T6,C2,2.95,bad,1
train,E0,P10,T6,C0,2.44,bad,1
train,E3,P10,T4,C0,2.58,bad,1
train,E9,P10,T3,C0,2.8333,bad,1
train,E0,P14,T5,C2,2.1,bad,1
train,E3,P10,T5,C2,1.44,bad,1
train,E0,P14,T6,C2,2.94,bad,1
train,E1,P10,T4,C0,2.925,bad,1
train,E0,P14,T6,C1,2.94,bad,1
train,E3,P10,T4,C2,2.58,bad,1
train,E8,P15,T5,C1,2.98,bad,1
train,E3,P10,T4,C2,2.58,bad,1
train,E1,P10,T5,C1,2.92,bad,1
train,E0,P14,T5,C1,2.1,bad,1
train,E0,P10,T6,C1,2.44,bad,1
train,E2,P10,T6,C0,2.34,bad,1
train,E1,P14,T6,C2,2.04,bad,1
train,E0,P10,T3,C2,2.6,bad,1
train,E4,P14,T6,C2,2.5,bad,1
train,E0,P10,T4,C0,1.76,bad,1
train,E4,P14,T6,C0,2.5,bad,1
train,E0,P14,T5,C0,2.1,bad,1
train,E1,P14,T6,C1,2.04,bad,1
train,E7,P14,T5,C0,1.8,bad,1
train,E8,P15,T6,C0,2.58,bad,1
train,E3,P10,T6,C0,2.14,bad,1
train,E2,P10,T4,C0,2.82,bad,1
train,E0,P10,T6,C1,2.44,bad,1
train,E8,P15,T6,C2,2.58,bad,1
train,E4,P10,T4,C1,2.86,bad,1
train,E1,P10,T3,C2,2.4333,bad,1
train,E1,P10,T3,C0,2.4333,bad,1
train,E9,P10,T6,C1,2.1,bad,1
train,E1,P14,T4,C1,2.02,bad,1
train,E3,P10,T5,C2,1.44,bad,1
train,E4,P10,T6,C1,1.78,bad,1
train,E8,P15,T5,C1,2.98,bad,1
train,E3,P10,T5,C2,1.44,bad,1
train,E8,P15,T4,C1,2.88,bad,1
train,E4,P10,T5,C1,2.18,bad,1
train,E7,P10,T6,C2,2.66,bad,1
train,E0,P15,T6,C1,2.86,bad,1
train,E0,P10,T6,C0,2.44,bad,1
train,E3,P10,T5,C2,1.44,bad,1
train,E3,P14,T6,C0,1.98,bad,1
train,E0,P10,T4,C0,1.76,bad,1
train,E8,P15,T5,C1,2.98,bad,1
train,E0,P15,T5,C2,2.0,bad,1
train,E0,P14,T4,C1,2.36,bad,1
train,E3,P10,T6,C1,2.14,bad,1
train,E0,P10,T3,C0,2.6,bad,1
train,E3,P14,T6,C0,1.98,bad,1
train,E3,P14,T4,C2,2.58,bad,1
train,E4,P10,T5,C1,2.18,bad,1
train,E7,P14,T5,C1,1.8,bad,1
train,E4,P10,T5,C1,2.18,bad,1
train,E9,P15,T5,C1,2.775,bad,1
train,E1,P14,T4,C2,2.02,bad,1
train,E3,P14,T4,C1,2.58,bad,1
train,E7,P10,T6,C2,2.66,bad,1
train,E9,P10,T3,C1,2.8333,bad,1
train,E0,P10,T4,C1,1.76,bad,1
train,E4,P10,T4,C1,2.86,bad,1
train,E8,P15,T6,C1,2.58,bad,1
train,E9,P15,T5,C1,2.775,bad,1
train,E4,P10,T5,C0,2.18,bad,1
train,E3,P10,T5,C1,1.44,bad,1
train,E0,P10,T4,C0,1.76,bad,1
train,E7,P10,T6,C0,2.66,bad,1
train,E4,P10,T6,C2,1.78,bad,1
train,E1,P14,T4,C0,2.02,bad,1
train,E3,P10,T6,C1,2.14,bad,1
train,E7,P10,T6,C2,2.66,bad,1
train,E8,P15,T4,C2,2.88,bad,1
train,E8,P15,T6,C0,2.58,bad,1
train,E8,P15,T5,C2,2.98,bad,1
train,E1,P14,T5,C0,2.62,bad,1
train,E8,P15,T6,C1,2.58,bad,1
train,E1,P10,T4,C2,2.925,bad,1
train,E3,P10,T6,C2,2.14,bad,1
train,E9,P15,T5,C0,2.775,bad,1
train,E1,P10,T5,C0,2.92,bad,1
train,E4,P10,T5,C2,2.18,bad,1
train,E7,P10,T6,C2,2.66,bad,1
train,E4,P10,T4,C2,2.86,bad,1
train,E8,P15,T4,C2,2.88,bad,1
train,E1,P10,T5,C2,2.92,bad,1
train,E7,P10,T6,C0,2.66,bad,1
train,E9,P15,T5,C0,2.775,bad,1
train,E1,P14,T6,C0,2.04,bad,1
train,E1,P14,T6,C0,2.04,bad,1
train,E4,P10,T5,C0,2.18,bad,1
train,E0,P10,T3,C2,2.6,bad,1
train,E8,P15,T6,C0,2.58,bad,1
train,E8,P15,T6,C1,2.58,bad,1
train,E3,P14,T4,C1,2.58,bad,1
train,E0,P14,T6,C0,2.94,bad,1
train,E3,P10,T6,C1,2.14,bad,1
train,E7,P14,T5,C2,1.8,bad,1
train,E1,P14,T5,C1,2.62,bad,1
train,E0,P14,T4,C0,2.36,bad,1
train,E3,P10,T4,C1,2.58,bad,1
train,E1,P14,T4,C0,2.02,bad,1
train,E4,P10,T5,C2,2.18,bad,1
train,E8,P15,T5,C2,2.98,bad,1
train,E1,P10,T5,C1,2.92,bad,1
train,E5,P10,T6,C0,2.95,bad,1
train,E2,P10,T4,C2,2.82,bad,1
train,E8,P15,T5,C0,2.98,bad,1
train,E1,P10,T3,C0,2.4333,bad,1
train,E1,P14,T5,C0,2.62,bad,1
train,E8,P15,T5,C1,2.98,bad,1
train,E3,P14,T6,C1,1.98,bad,1
train,E0,P10,T3,C2,2.6,bad,1
train,E0,P14,T4,C2,2.36,bad,1
train,E3,P10,T5,C1,1.44,bad,1
train,E1,P14,T6,C0,2.04,bad,1
train,E9,P10,T3,C2,2.8333,bad,1
train,E4,P15,T6,C2,1.58,bad,1
train,E7,P10,T6,C0,2.66,bad,1
train,E4,P15,T5,C2,2.58,bad,1
train,E2,P10,T4,C0,2.82,bad,1
train,E4,P15,T5,C0,2.58,bad,1
train,E9,P10,T3,C1,2.8333,bad,1
train,E9,P10,T3,C1,2.8333,bad,1
train,E3,P10,T5,C2,1.44,bad,1
train,E0,P10,T5,C0,1.34,bad,1
train,E1,P10,T4,C2,2.925,bad,1
train,E4,P10,T6,C2,1.78,bad,1
train,E4,P14,T6,C1,2.5,bad,1
train,E8,P15,T4,C1,2.88,bad,1
train,E0,P15,T5,C2,2.0,bad,1
train,E3,P14,T6,C1,1.98,bad,1
train,E0,P14,T5,C1,2.1,bad,1
train,E7,P14,T5,C2,1.8,bad,1
train,E8,P15,T6,C1,2.58,bad,1
train,E5,P10,T6,C2,2.95,bad,1
train,E3,P10,T4,C2,2.58,bad,1
train,E2,P10,T4,C2,2.82,bad,1
train,E3,P14,T6,C2,1.98,bad,1
train,E3,P10,T4,C2,2.58,bad,1
train,E9,P10,T6,C2,2.1,bad,1
train,E7,P14,T5,C0,1.8,bad,1
train,E8,P15,T4,C0,2.88,bad,1
train,E3,P10,T6,C1,2.14,bad,1
train,E0,P14,T6,C0,2.94,bad,1
train,E2,P10,T4,C1,2.82,bad,1
train,E2,P10,T6,C1,2.34,bad,1
train,E5,P10,T6,C0,2.95,bad,1
train,E9,P10,T3,C2,2.8333,bad,1
train,E0,P15,T5,C2,2.0,bad,1
train,E1,P14,T5,C1,2.62,bad,1
train,E8,P15,T5,C0,2.98,bad,1
train,E3,P10,T4,C0,2.58,bad,1
train,E4,P10,T4,C0,2.86,bad,1
train,E0,P10,T6,C1,2.44,bad,1
train,E8,P15,T4,C0,2.88,bad,1
train,E9,P10,T3,C0,2.8333,bad,1
train,E0,P14,T5,C1,2.1,bad,1
train,E0,P14,T6,C1,2.94,bad,1
train,E2,P10,T6,C2,2.34,bad,1
train,E1,P10,T5,C0,2.92,bad,1
train,E0,P14,T5,C0,2.1,bad,1
train,E9,P15,T5,C0,2.775,bad,1
train,E1,P14,T4,C2,2.02,bad,1
train,E3,P14,T6,C2,1.98,bad,1
train,E4,P10,T6,C1,1.78,bad,1
train,E1,P14,T5,C0,2.62,bad,1
train,E0,P10,T6,C0,2.44,bad,1
train,E4,P15,T6,C0,1.58,bad,1
train,E0,P14,T5,C0,2.1,bad,1
train,E1,P14,T4,C0,2.02,bad,1
train,E3,P14,T6,C1,1.98,bad,1
train,E1,P14,T6,C1,2.04,bad,1
train,E4,P10,T6,C1,1.78,bad,1
train,E4,P15,T6,C1,1.58,bad,1
train,E3,P10,T5,C2,1.44,bad,1
train,E3,P10,T4,C0,2.58,bad,1
train,E0,P10,T5,C0,1.34,bad,1
train,E7,P14,T5,C2,1.8,bad,1
train,E0,P10,T6,C2,2.44,bad,1
train,E3,P14,T6,C0,1.98,bad,1
train,E0,P14,T5,C2,2.1,bad,1
train,E0,P15,T6,C0,2.86,bad,1
train,E0,P14,T5,C0,2.1,bad,1
train,E0,P14,T6,C0,2.94,bad,1
train,E3,P14,T4,C0,2.58,bad,1
train,E9,P10,T6,C2,2.1,bad,1
train,E9,P10,T3,C2,2.8333,bad,1
train,E7,P10,T6,C1,2.66,bad,1
train,E4,P10,T6,C1,1.78,bad,1
train,E2,P10,T6,C0,2.34,bad,1
train,E3,P10,T4,C1,2.58,bad,1
train,E0,P10,T5,C1,1.34,bad,1
train,E2,P10,T6,C0,2.34,bad,1
train,E7,P10,T6,C0,2.66,bad,1
train,E1,P10,T3,C1,2.4333,bad,1
train,E3,P14,T4,C2,2.58,bad,1
train,E2,P10,T6,C0,2.34,bad,1
train,E0,P10,T6,C1,2.44,bad,1
train,E4,P10,T5,C2,2.18,bad,1
train,E4,P15,T6,C0,1.58,bad,1
train,E4,P10,T5,C1,2.18,bad,1
train,E1,P14,T4,C0,2.02,bad,1
train,E7,P14,T5,C2,1.8,bad,1
train,E9,P10,T6,C2,2.1,bad,1
train,E0,P10,T3,C1,2.6,bad,1
train,E4,P10,T4,C1,2.86,bad,1
train,E0,P14,T6,C2,2.94,bad,1
train,E5,P10,T6,C2,2.95,bad,1
train,E0,P10,T6,C2,2.44,bad,1
train,E1,P10,T5,C1,2.92,bad,1
train,E3,P10,T6,C2,2.14,bad,1
train,E0,P14,T5,C0,2.1,bad,1
train,E8,P15,T4,C2,2.88,bad,1
train,E9,P10,T6,C0,2.1,bad,1
train,E0,P10,T6,C0,2.44,bad,1
train,E9,P15,T5,C1,2.775,bad,1
train,E3,P10,T6,C1,2.14,bad,1
train,E0,P10,T3,C2,2.6,bad,1
train,E1,P14,T6,C2,2.04,bad,1
train,E1,P14,T4,C0,2.02,bad,1
train,E3,P10,T4,C2,2.58,bad,1
train,E4,P10,T5,C0,2.18,bad,1
train,E9,P10,T6,C1,2.1,bad,1
train,E9,P10,T6,C0,2.1,bad,1
train,E0,P10,T3,C2,2.6,bad,1
train,E8,P15,T4,C1,2.88,bad,1
train,E1,P14,T4,C1,2.02,bad,1
train,E9,P10,T3,C2,2.8333,bad,1
train,E4,P14,T6,C0,2.5,bad,1
train,E4,P15,T6,C1,1.58,bad,1
train,E4,P10,T4,C2,2.86,bad,1
train,E4,P10,T5,C2,2.18,bad,1
train,E9,P15,T5,C0,2.775,bad,1
train,E0,P10,T4,C2,1.76,bad,1
train,E1,P14,T6,C0,2.04,bad,1
train,E8,P15,T5,C0,2.98,bad,1
train,E2,P10,T6,C0,2.34,bad,1
train,E0,P14,T4,C0,2.36,bad,1
train,E0,P10,T4,C2,1.76,bad,1
train,E0,P14,T6,C1,2.94,bad,1
train,E1,P10,T4,C2,2.925,bad,1
train,E0,P14,T5,C2,2.1,bad,1
train,E0,P10,T4,C1,1.76,bad,1
train,E7,P14,T5,C0,1.8,bad,1
train,E3,P14,T4,C1,2.58,bad,1
train,E1,P14,T4,C0,2.02,bad,1
train,E0,P14,T4,C1,2.36,bad,1
train,E1,P10,T5,C1,2.92,bad,1
train,E7,P10,T6,C0,2.66,bad,1
train,E3,P14,T4,C0,2.58,bad,1
train,E9,P15,T5,C1,2.775,bad,1
train,E4,P10,T6,C0,1.78,bad,1
train,E0,P10,T4,C1,1.76,bad,1
train,E7,P14,T5,C1,1.8,bad,1
train,E4,P10,T5,C0,2.18,bad,1
train,E0,P10,T5,C0,1.34,bad,1
train,E8,P15,T6,C0,2.58,bad,1
train,E2,P10,T6,C0,2.34,bad,1
train,E7,P14,T5,C1,1.8,bad,1
train,E0,P10,T6,C2,2.44,bad,1
train,E3,P14,T6,C2,1.98,bad,1
train,E0,P10,T3,C1,2.6,bad,1
train,E4,P10,T6,C1,1.78,bad,1
train,E3,P10,T5,C1,1.44,bad,1
train,E4,P15,T5,C0,2.58,bad,1
train,E1,P14,T6,C0,2.04,bad,1
train,E4,P14,T6,C2,2.5,bad,1
train,E7,P10,T6,C1,2.66,bad,1
train,E2,P10,T4,C1,2.82,bad,1
train,E4,P10,T5,C1,2.18,bad,1
train,E0,P10,T5,C2,1.34,bad,1
train,E0,P14,T6,C1,2.94,bad,1
train,E7,P10,T6,C1,2.66,bad,1
train,E0,P10,T6,C1,2.44,bad,1
train,E3,P10,T4,C0,2.58,bad,1
train,E4,P10,T6,C2,1.78,bad,1
train,E1,P14,T6,C2,2.04,bad,1
train,E1,P14,T6,C2,2.04,bad,1
train,E0,P10,T5,C2,1.34,bad,1
train,E0,P15,T5,C0,2.0,bad,1
train,E3,P10,T5,C0,1.44,bad,1
train,E8,P15,T4,C1,2.88,bad,1
train,E0,P10,T5,C2,1.34,bad,1
train,E5,P10,T6,C1,2.95,bad,1
train,E4,P14,T6,C0,2.5,bad,1
train,E4,P15,T5,C0,2.58,bad,1
train,E3,P14,T6,C2,1.98,bad,1
train,E4,P15,T6,C1,1.58,bad,1
train,E2,P10,T4,C0,2.82,bad,1
train,E7,P10,T6,C0,2.66,bad,1
train,E1,P14,T4,C1,2.02,bad,1
train,E3,P14,T6,C0,1.98,bad,1
train,E9,P10,T6,C0,2.1,bad,1
train,E9,P10,T6,C1,2.1,bad,1
train,E0,P14,T5,C0,2.1,bad,1
train,E0,P15,T5,C0,2.0,bad,1
train,E4,P10,T4,C2,2.86,bad,1
train,E5,P10,T6,C2,2.95,bad,1
train,E0,P14,T5,C1,2.1,bad,1
train,E3,P14,T4,C2,2.58,bad,1
train,E8,P15,T5,C2,2.98,bad,1
train,E8,P15,T6,C0,2.58,bad,1
train,E8,P15,T6,C2,2.58,bad,1
train,E0,P14,T5,C1,2.1,bad,1
train,E3,P10,T6,C1,2.14,bad,1
train,E7,P10,T6,C1,2.66,bad,1
train,E5,P10,T6,C1,2.95,bad,1
train,E1,P10,T3,C0,2.4333,bad,1
train,E9,P15,T5,C2,2.775,bad,1
train,E2,P10,T6,C0,2.34,bad,1
train,E4,P15,T6,C2,1.58,bad,1
train,E3,P10,T5,C2,1.44,bad,1
train,E3,P10,T5,C0,1.44,bad,1
train,E1,P14,T4,C0,2.02,bad,1
train,E4,P10,T4,C0,2.86,bad,1
train,E1,P10,T4,C0,2.925,bad,1
train,E2,P10,T4,C1,2.82,bad,1
train,E8,P15,T5,C2,2.98,bad,1
train,E3,P14,T6,C1,1.98,bad,1
train,E4,P10,T4,C2,2.86,bad,1
train,E2,P10,T6,C2,2.34,bad,1
train,E3,P10,T5,C1,1.44,bad,1
train,E4,P15,T5,C0,2.58,bad,1
train,E0,P14,T6,C2,2.94,bad,1
train,E1,P10,T5,C1,2.92,bad,1
train,E4,P10,T6,C1,1.78,bad,1
train,E4,P10,T6,C1,1.78,bad,1
train,E0,P14,T6,C1,2.94,bad,1
train,E7,P14,T5,C2,1.8,bad,1
train,E1,P10,T3,C1,2.4333,bad,1
train,E9,P15,T5,C0,2.775,bad,1
train,E4,P15,T5,C1,2.58,bad,1
train,E4,P10,T5,C0,2.18,bad,1
train,E7,P10,T6,C1,2.66,bad,1
train,E0,P15,T6,C2,2.86,bad,1
train,E1,P10,T3,C2,2.4333,bad,1
train,E0,P14,T4,C0,2.36,bad,1
train,E0,P14,T5,C1,2.1,bad,1
train,E1,P14,T5,C1,2.62,bad,1
train,E1,P14,T5,C1,2.62,bad,1
train,E0,P14,T5,C0,2.1,bad,1
train,E0,P10,T6,C2,2.44,bad,1
train,E0,P15,T5,C1,2.0,bad,1
train,E0,P14,T5,C2,2.1,bad,1
train,E4,P15,T5,C2,2.58,bad,1
train,E4,P15,T6,C1,1.58,bad,1
train,E0,P15,T5,C0,2.0,bad,1
train,E1,P10,T3,C0,2.4333,bad,1
train,E1,P14,T4,C1,2.02,bad,1
train,E9,P10,T3,C0,2.8333,bad,1
train,E8,P15,T6,C1,2.58,bad,1
train,E0,P15,T5,C2,2.0,bad,1
train,E8,P15,T5,C2,2.98,bad,1
train,E0,P10,T5,C1,1.34,bad,1
train,E9,P10,T6,C2,2.1,bad,1
train,E7,P10,T6,C2,2.66,bad,1
train,E3,P14,T6,C0,1.98,bad,1
train,E4,P15,T5,C0,2.58,bad,1
train,E0,P10,T3,C2,2.6,bad,1
train,E0,P10,T6,C0,2.44,bad,1
train,E8,P15,T4,C0,2.88,bad,1
train,E4,P10,T5,C2,2.18,bad,1
train,E1,P14,T5,C0,2.62,bad,1
train,E0,P10,T4,C1,1.76,bad,1
train,E3,P14,T6,C0,1.98,bad,1
train,E7,P14,T5,C0,1.8,bad,1
train,E1,P10,T4,C2,2.925,bad,1
train,E3,P10,T4,C1,2.58,bad,1
train,E8,P15,T5,C1,2.98,bad,1
train,E0,P10,T6,C0,2.44,bad,1
train,E0,P10,T6,C2,2.44,bad,1
train,E4,P15,T6,C2,1.58,bad,1
train,E4,P10,T5,C1,2.18,bad,1
train,E4,P10,T5,C1,2.18,bad,1
train,E3,P14,T4,C1,2.58,bad,1
train,E3,P14,T4,C0,2.58,bad,1
train,E0,P15,T5,C2,2.0,bad,1
train,E7,P10,T6,C2,2.66,bad,1
train,E4,P10,T5,C1,2.18,bad,1
train,E4,P10,T6,C1,1.78,bad,1
train,E4,P10,T4,C0,2.86,bad,1
train,E0,P15,T5,C0,2.0,bad,1
train,E9,P10,T6,C0,2.1,bad,1
train,E9,P15,T5,C1,2.775,bad,1
train,E3,P10,T4,C2,2.58,bad,1
train,E0,P14,T4,C1,2.36,bad,1
train,E3,P14,T4,C2,2.58,bad,1
train,E0,P10,T4,C1,1.76,bad,1
train,E2,P10,T4,C2,2.82,bad,1
train,E7,P10,T6,C0,2.66,bad,1
train,E8,P15,T4,C0,2.88,bad,1
train,E3,P14,T4,C2,2.58,bad,1
train,E1,P14,T5,C0,2.62,bad,1
train,E9,P10,T6,C1,2.1,bad,1
train,E9,P10,T6,C0,2.1,bad,1
train,E3,P14,T4,C0,2.58,bad,1
train,E1,P14,T4,C0,2.02,bad,1
train,E0,P15,T6,C2,2.86,bad,1
train,E0,P14,T5,C1,2.1,bad,1
train,E7,P14,T5,C1,1.8,bad,1
train,E1,P10,T3,C0,2.4333,bad,1
train,E5,P10,T6,C0,2.95,bad,1
train,E7,P10,T6,C0,2.66,bad,1
train,E7,P14,T5,C1,1.8,bad,1
train,E9,P10,T3,C1,2.8333,bad,1
train,E4,P15,T6,C2,1.58,bad,1
train,E9,P10,T3,C2,2.8333,bad,1
train,E5,P10,T6,C1,2.95,bad,1
train,E3,P14,T4,C0,2.58,bad,1
train,E0,P10,T6,C2,2.44,bad,1
train,E0,P14,T5,C0,2.1,bad,1
train,E0,P15,T6,C0,2.86,bad,1
train,E0,P15,T6,C1,2.86,bad,1
train,E9,P15,T5,C2,2.775,bad,1
train,E0,P10,T5,C1,1.34,bad,1
train,E4,P15,T5,C0,2.58,bad,1
train,E0,P10,T3,C1,2.6,bad,1
train,E1,P10,T3,C1,2.4333,bad,1
train,E1,P14,T4,C1,2.02,bad,1
train,E3,P14,T4,C2,2.58,bad,1
train,E0,P14,T5,C1,2.1,bad,1
train,E4,P15,T6,C0,1.58,bad,1
train,E0,P10,T3,C2,2.6,bad,1
train,E4,P15,T5,C2,2.58,bad,1
train,E3,P10,T4,C2,2.58,bad,1
train,E4,P14,T6,C2,2.5,bad,1
train,E0,P15,T6,C2,2.86,bad,1
train,E5,P10,T6,C1,2.95,bad,1
train,E4,P15,T6,C1,1.58,bad,1
train,E9,P15,T5,C1,2.775,bad,1
train,E9,P15,T5,C1,2.775,bad,1
train,E8,P15,T4,C0,2.88,bad,1
train,E7,P10,T6,C1,2.66,bad,1
train,E7,P10,T6,C2,2.66,bad,1
train,E4,P10,T6,C0,1.78,bad,1
train,E8,P15,T4,C0,2.88,bad,1
train,E0,P10,T3,C1,2.6,bad,1
train,E5,P10,T6,C1,2.95,bad,1
train,E8,P15,T4,C0,2.88,bad,1
train,E0,P10,T3,C1,2.6,bad,1
train,E3,P14,T4,C2,2.58,bad,1
train,E9,P10,T3,C2,2.8333,bad,1
train,E4,P15,T6,C2,1.58,bad,1
train,E4,P15,T5,C1,2.58,bad,1
train,E1,P14,T6,C1,2.04,bad,1
train,E7,P14,T5,C1,1.8,bad,1
train,E9,P10,T3,C0,2.8333,bad,1
train,E7,P14,T5,C1,1.8,bad,1
train,E3,P10,T6,C1,2.14,bad,1
train,E0,P14,T5,C0,2.1,bad,1
train,E0,P10,T5,C0,1.34,bad,1
train,E7,P10,T6,C1,2.66,bad,1
train,E1,P14,T5,C2,2.62,bad,1
train,E1,P14,T6,C1,2.04,bad,1
train,E7,P14,T5,C1,1.8,bad,1
train,E1,P14,T6,C2,2.04,bad,1
train,E7,P14,T5,C0,1.8,bad,1
train,E8,P15,T4,C2,2.88,bad,1
train,E2,P10,T6,C0,2.34,bad,1
train,E0,P14,T6,C0,2.94,bad,1
train,E5,P10,T6,C2,2.95,bad,1
train,E8,P15,T6,C1,2.58,bad,1
train,E8,P15,T6,C1,2.58,bad,1
train,E3,P10,T5,C2,1.44,bad,1
train,E4,P10,T5,C0,2.18,bad,1
train,E0,P15,T5,C1,2.0,bad,1
train,E1,P14,T6,C0,2.04,bad,1
train,E4,P15,T5,C2,2.58,bad,1
train,E7,P14,T5,C0,1.8,bad,1
train,E1,P14,T6,C2,2.04,bad,1
train,E5,P15,T6,C1,3.78,bad,1
train,E8,P10,T3,C2,3.8,bad,1
train,E9,P14,T6,C2,3.9,bad,1
train,E9,P15,T4,C1,3.65,bad,1
train,E9,P14,T4,C2,3.6333,bad,1
train,E5,P10,T4,C0,3.275,bad,1
train,E9,P15,T6,C2,3.375,bad,1
train,E1,P0,T2,C0,3.82,bad,1
train,E2,P15,T4,C0,3.5,bad,1
train,E8,P10,T3,C2,3.8,bad,1
train,E8,P14,T4,C1,3.45,bad,1
train,E2,P10,T0,C1,3.82,bad,1
train,E1,P15,T6,C0,3.44,bad,1
train,E0,P10,T0,C2,3.8333,bad,1
train,E6,P15,T5,C2,3.2,bad,1
train,E6,P14,T3,C2,3.8,bad,1
train,E9,P14,T3,C0,3.9333,bad,1
train,E2,P14,T0,C2,3.9,bad,1
train,E2,P14,T0,C1,3.9,bad,1
train,E5,P10,T4,C1,3.275,bad,1
train,E4,P10,T3,C2,3.12,bad,1
train,E6,P15,T6,C0,3.86,bad,1
train,E6,P15,T4,C2,3.1,bad,1
train,E6,P14,T3,C0,3.8,bad,1
train,E0,P15,T3,C0,3.38,bad,1
train,E2,P14,T5,C0,3.6,bad,1
train,E4,P14,T3,C0,3.32,bad,1
train,E2,P10,T3,C0,3.88,bad,1
train,E1,P15,T6,C1,3.44,bad,1
train,E8,P14,T3,C0,3.5,bad,1
train,E0,P15,T3,C1,3.38,bad,1
train,E2,P15,T4,C1,3.5,bad,1
train,E6,P14,T4,C0,3.96,bad,1
train,E6,P10,T4,C0,3.44,bad,1
train,E2,P10,T5,C2,3.5,bad,1
train,E3,P15,T6,C0,3.3,bad,1
train,E2,P14,T6,C2,3.76,bad,1
train,E1,P15,T6,C1,3.44,bad,1
train,E0,P14,T3,C1,3.88,bad,1
train,E7,P15,T4,C2,3.26,bad,1
train,E9,P14,T4,C1,3.6333,bad,1
train,E2,P14,T5,C1,3.6,bad,1
train,E1,P15,T6,C2,3.44,bad,1
train,E9,P14,T3,C0,3.9333,bad,1
train,E9,P14,T5,C0,3.0667,bad,1
train,E9,P15,T4,C1,3.65,bad,1
train,E2,P14,T5,C2,3.6,bad,1
train,E0,P10,T0,C1,3.8333,bad,1
train,E4,P10,T3,C2,3.12,bad,1
train,E8,P14,T4,C0,3.45,bad,1
train,E3,P14,T5,C0,3.28,bad,1
train,E9,P10,T5,C2,3.05,bad,1
train,E9,P15,T4,C1,3.65,bad,1
train,E1,P10,T6,C2,3.04,bad,1
train,E4,P14,T4,C2,3.22,bad,1
train,E6,P10,T6,C0,3.28,bad,1
train,E6,P14,T4,C0,3.96,bad,1
train,E1,P10,T6,C1,3.04,bad,1
train,E9,P0,T0,C0,3.975,bad,1
train,E9,P15,T6,C1,3.375,bad,1
train,E4,P15,T3,C2,3.26,bad,1
train,E2,P15,T3,C2,3.76,bad,1
train,E7,P10,T4,C0,3.66,bad,1
train,E0,P15,T0,C1,3.7833,bad,1
train,E4,P15,T4,C0,3.66,bad,1
train,E4,P10,T0,C0,3.86,bad,1
train,E9,P10,T5,C2,3.05,bad,1
train,E2,P14,T5,C1,3.6,bad,1
train,E6,P10,T6,C0,3.28,bad,1
train,E6,P10,T6,C0,3.28,bad,1
train,E6,P14,T3,C1,3.8,bad,1
train,E4,P15,T0,C1,3.68,bad,1
train,E8,P14,T4,C2,3.45,bad,1
train,E6,P15,T5,C2,3.2,bad,1
train,E4,P14,T3,C2,3.32,bad,1
train,E9,P15,T6,C1,3.375,bad,1
train,E5,P15,T6,C1,3.78,bad,1
train,E9,P10,T0,C1,3.7,bad,1
train,E2,P14,T4,C1,3.74,bad,1
train,E9,P15,T6,C0,3.375,bad,1
train,E7,P14,T3,C0,3.34,bad,1
train,E9,P14,T5,C0,3.0667,bad,1
train,E8,P10,T3,C1,3.8,bad,1
train,E2,P10,T0,C2,3.82,bad,1
train,E5,P10,T5,C2,3.525,bad,1
train,E2,P10,T3,C0,3.88,bad,1
train,E1,P0,T2,C2,3.82,bad,1
train,E6,P14,T4,C2,3.96,bad,1
train,E2,P14,T5,C1,3.6,bad,1
train,E3,P15,T4,C2,3.62,bad,1
train,E8,P14,T5,C1,3.0,bad,1
train,E8,P10,T3,C1,3.8,bad,1
train,E4,P14,T3,C0,3.32,bad,1
train,E2,P15,T6,C1,3.18,bad,1
train,E2,P15,T6,C2,3.18,bad,1
train,E2,P15,T3,C0,3.76,bad,1
train,E6,P14,T4,C0,3.96,bad,1
train,E9,P10,T5,C1,3.05,bad,1
train,E2,P15,T5,C0,3.5,bad,1
train,E1,P15,T3,C2,3.84,bad,1
train,E9,P14,T6,C0,3.9,bad,1
train,E0,P15,T4,C2,3.66,bad,1
train,E1,P15,T3,C1,3.84,bad,1
train,E9,P10,T4,C2,3.1,bad,1
train,E3,P15,T4,C1,3.62,bad,1
train,E6,P10,T4,C0,3.44,bad,1
train,E3,P15,T4,C2,3.62,bad,1
train,E7,P14,T3,C1,3.34,bad,1
train,E3,P15,T6,C2,3.3,bad,1
train,E9,P14,T6,C1,3.9,bad,1
train,E5,P10,T5,C1,3.525,bad,1
train,E6,P15,T6,C2,3.86,bad,1
train,E5,P14,T5,C2,3.9,bad,1
train,E2,P10,T0,C0,3.82,bad,1
train,E9,P10,T4,C1,3.1,bad,1
train,E6,P15,T4,C2,3.1,bad,1
train,E3,P15,T4,C1,3.62,bad,1
train,E2,P14,T0,C1,3.9,bad,1
train,E8,P14,T5,C2,3.0,bad,1
train,E1,P0,T2,C2,3.82,bad,1
train,E0,P15,T4,C2,3.66,bad,1
train,E1,P14,T3,C1,3.62,bad,1
train,E2,P10,T5,C0,3.5,bad,1
train,E8,P14,T3,C1,3.5,bad,1
train,E3,P15,T6,C2,3.3,bad,1
train,E6,P15,T5,C2,3.2,bad,1
train,E7,P10,T4,C0,3.66,bad,1
train,E0,P10,T0,C0,3.8333,bad,1
train,E3,P10,T3,C2,3.78,bad,1
train,E2,P15,T5,C1,3.5,bad,1
train,E5,P14,T5,C0,3.9,bad,1
train,E4,P15,T3,C0,3.26,bad,1
train,E7,P14,T3,C0,3.34,bad,1
train,E3,P15,T6,C1,3.3,bad,1
train,E8,P10,T5,C2,3.84,bad,1
train,E6,P14,T4,C2,3.96,bad,1
train,E8,P14,T3,C1,3.5,bad,1
train,E2,P15,T6,C2,3.18,bad,1
train,E4,P15,T3,C0,3.26,bad,1
train,E7,P10,T4,C2,3.66,bad,1
train,E3,P15,T4,C1,3.62,bad,1
train,E7,P15,T3,C2,3.6,bad,1
train,E5,P10,T5,C2,3.525,bad,1
train,E1,P15,T0,C1,3.8,bad,1
train,E5,P14,T4,C1,3.775,bad,1
train,E6,P10,T4,C0,3.44,bad,1
train,E8,P10,T6,C1,3.7,bad,1
train,E1,P0,T1,C2,3.7,bad,1
train,E8,P10,T5,C1,3.84,bad,1
train,E6,P10,T4,C1,3.44,bad,1
train,E9,P0,T0,C2,3.975,bad,1
train,E8,P14,T4,C1,3.45,bad,1
train,E4,P15,T0,C0,3.68,bad,1
train,E4,P10,T0,C0,3.86,bad,1
train,E7,P15,T6,C1,3.04,bad,1
train,E6,P15,T5,C0,3.2,bad,1
train,E1,P15,T5,C2,3.1,bad,1
train,E1,P15,T6,C1,3.44,bad,1
train,E1,P15,T3,C0,3.84,bad,1
train,E4,P15,T4,C0,3.66,bad,1
train,E1,P15,T6,C2,3.44,bad,1
train,E7,P10,T4,C1,3.66,bad,1
train,E6,P10,T6,C2,3.28,bad,1
train,E0,P15,T0,C2,3.7833,bad,1
train,E8,P14,T3,C0,3.5,bad,1
train,E3,P15,T4,C2,3.62,bad,1
train,E9,P10,T0,C1,3.7,bad,1
train,E9,P0,T0,C0,3.975,bad,1
train,E6,P15,T4,C2,3.1,bad,1
train,E0,P15,T4,C0,3.66,bad,1
train,E0,P15,T4,C1,3.66,bad,1
train,E9,P14,T5,C1,3.0667,bad,1
train,E5,P14,T4,C2,3.775,bad,1
train,E9,P0,T0,C2,3.975,bad,1
train,E1,P10,T6,C0,3.04,bad,1
train,E4,P14,T4,C1,3.22,bad,1
train,E1,P15,T6,C1,3.44,bad,1
train,E2,P15,T6,C1,3.18,bad,1
train,E6,P10,T6,C1,3.28,bad,1
train,E4,P15,T3,C2,3.26,bad,1
train,E2,P14,T3,C2,3.52,bad,1
train,E3,P10,T3,C1,3.78,bad,1
train,E8,P14,T5,C2,3.0,bad,1
train,E0,P15,T3,C0,3.38,bad,1
train,E1,P0,T1,C1,3.7,bad,1
train,E0,P15,T4,C2,3.66,bad,1
train,E8,P14,T4,C2,3.45,bad,1
train,E7,P14,T3,C0,3.34,bad,1
train,E6,P10,T6,C0,3.28,bad,1
train,E0,P15,T0,C0,3.7833,bad,1
train,E0,P15,T3,C2,3.38,bad,1
train,E9,P14,T6,C1,3.9,bad,1
train,E7,P10,T4,C1,3.66,bad,1
train,E5,P15,T6,C1,3.78,bad,1
train,E5,P14,T5,C1,3.9,bad,1
train,E6,P15,T4,C2,3.1,bad,1
train,E3,P15,T6,C2,3.3,bad,1
train,E7,P15,T3,C2,3.6,bad,1
train,E1,P10,T6,C1,3.04,bad,1
train,E9,P14,T5,C2,3.0667,bad,1
train,E2,P10,T0,C0,3.82,bad,1
train,E1,P15,T6,C0,3.44,bad,1
train,E0,P15,T3,C0,3.38,bad,1
train,E7,P15,T3,C2,3.6,bad,1
train,E9,P14,T3,C2,3.9333,bad,1
train,E8,P14,T3,C0,3.5,bad,1
train,E6,P15,T5,C0,3.2,bad,1
train,E7,P15,T5,C0,3.78,bad,1
train,E0,P15,T4,C1,3.66,bad,1
train,E5,P14,T4,C0,3.775,bad,1
train,E9,P14,T3,C1,3.9333,bad,1
train,E9,P14,T4,C1,3.6333,bad,1
train,E4,P15,T0,C1,3.68,bad,1
train,E4,P10,T0,C2,3.86,bad,1
train,E1,P14,T3,C2,3.62,bad,1
train,E6,P15,T4,C1,3.1,bad,1
train,E4,P14,T4,C2,3.22,bad,1
train,E8,P14,T5,C0,3.0,bad,1
train,E7,P15,T3,C2,3.6,bad,1
train,E1,P15,T0,C0,3.8,bad,1
train,E2,P14,T4,C1,3.74,bad,1
train,E1,P15,T6,C1,3.44,bad,1
train,E3,P10,T3,C1,3.78,bad,1
train,E1,P10,T6,C1,3.04,bad,1
train,E1,P0,T1,C0,3.7,bad,1
train,E2,P15,T6,C0,3.18,bad,1
train,E5,P10,T5,C0,3.525,bad,1
train,E4,P10,T3,C2,3.12,bad,1
train,E9,P10,T0,C1,3.7,bad,1
train,E5,P14,T4,C2,3.775,bad,1
train,E5,P10,T4,C0,3.275,bad,1
train,E9,P0,T0,C2,3.975,bad,1
train,E1,P15,T0,C1,3.8,bad,1
train,E9,P14,T5,C1,3.0667,bad,1
train,E7,P15,T6,C2,3.04,bad,1
train,E7,P15,T5,C0,3.78,bad,1
train,E3,P15,T6,C0,3.3,bad,1
train,E9,P10,T5,C2,3.05,bad,1
train,E2,P15,T6,C2,3.18,bad,1
train,E2,P15,T3,C1,3.76,bad,1
train,E9,P10,T5,C0,3.05,bad,1
train,E4,P10,T0,C0,3.86,bad,1
train,E9,P14,T3,C0,3.9333,bad,1
train,E7,P14,T3,C0,3.34,bad,1
train,E3,P10,T3,C2,3.78,bad,1
train,E2,P15,T4,C1,3.5,bad,1
train,E0,P15,T3,C1,3.38,bad,1
train,E2,P15,T5,C0,3.5,bad,1
train,E9,P10,T4,C1,3.1,bad,1
train,E3,P14,T5,C2,3.28,bad,1
train,E5,P14,T4,C0,3.775,bad,1
train,E8,P10,T6,C0,3.7,bad,1
train,E9,P14,T4,C0,3.6333,bad,1
train,E2,P15,T3,C1,3.76,bad,1
train,E5,P10,T4,C1,3.275,bad,1
train,E1,P0,T1,C0,3.7,bad,1
train,E2,P14,T3,C0,3.52,bad,1
train,E9,P10,T0,C0,3.7,bad,1
train,E6,P10,T6,C1,3.28,bad,1
train,E8,P14,T5,C2,3.0,bad,1
train,E4,P15,T3,C1,3.26,bad,1
train,E8,P14,T4,C2,3.45,bad,1
train,E7,P15,T6,C2,3.04,bad,1
train,E8,P10,T5,C0,3.84,bad,1
train,E4,P15,T0,C0,3.68,bad,1
train,E2,P14,T0,C0,3.9,bad,1
train,E3,P14,T5,C0,3.28,bad,1
train,E3,P15,T6,C2,3.3,bad,1
train,E8,P14,T3,C2,3.5,bad,1
train,E6,P10,T4,C2,3.44,bad,1
train,E3,P14,T5,C0,3.28,bad,1
train,E7,P15,T3,C2,3.6,bad,1
train,E6,P15,T5,C1,3.2,bad,1
train,E3,P15,T6,C1,3.3,bad,1
train,E7,P14,T3,C1,3.34,bad,1
train,E6,P10,T4,C1,3.44,bad,1
train,E8,P14,T5,C0,3.0,bad,1
train,E4,P15,T4,C0,3.66,bad,1
train,E1,P10,T6,C1,3.04,bad,1
train,E6,P15,T4,C0,3.1,bad,1
train,E5,P14,T5,C1,3.9,bad,1
train,E5,P15,T6,C1,3.78,bad,1
train,E9,P15,T4,C2,3.65,bad,1
train,E1,P15,T0,C2,3.8,bad,1
train,E2,P14,T5,C1,3.6,bad,1
train,E2,P14,T4,C2,3.74,bad,1
train,E4,P15,T0,C0,3.68,bad,1
train,E1,P0,T1,C0,3.7,bad,1
train,E9,P14,T6,C2,3.9,bad,1
train,E6,P14,T4,C1,3.96,bad,1
train,E9,P10,T4,C0,3.1,bad,1
train,E7,P15,T3,C1,3.6,bad,1
train,E9,P10,T4,C1,3.1,bad,1
train,E0,P14,T3,C0,3.88,bad,1
train,E5,P15,T6,C2,3.78,bad,1
train,E5,P14,T5,C1,3.9,bad,1
train,E0,P10,T0,C0,3.8333,bad,1
train,E7,P15,T5,C0,3.78,bad,1
train,E0,P15,T4,C2,3.66,bad,1
train,E4,P14,T3,C0,3.32,bad,1
train,E1,P15,T5,C2,3.1,bad,1
train,E9,P14,T3,C0,3.9333,bad,1
train,E5,P14,T4,C1,3.775,bad,1
train,E2,P15,T6,C2,3.18,bad,1
train,E2,P14,T0,C0,3.9,bad,1
train,E2,P15,T5,C1,3.5,bad,1
train,E1,P15,T5,C0,3.1,bad,1
train,E6,P14,T4,C1,3.96,bad,1
train,E6,P15,T5,C2,3.2,bad,1
train,E2,P15,T6,C1,3.18,bad,1
train,E6,P15,T4,C2,3.1,bad,1
train,E2,P10,T0,C0,3.82,bad,1
train,E9,P0,T0,C1,3.975,bad,1
train,E1,P15,T3,C1,3.84,bad,1
train,E9,P10,T5,C0,3.05,bad,1
train,E9,P14,T3,C1,3.9333,bad,1
train,E3,P15,T6,C2,3.3,bad,1
train,E4,P15,T3,C0,3.26,bad,1
train,E2,P14,T4,C2,3.74,bad,1
train,E8,P14,T3,C0,3.5,bad,1
train,E8,P10,T6,C2,3.7,bad,1
train,E5,P14,T4,C0,3.775,bad,1
train,E9,P15,T4,C2,3.65,bad,1
train,E1,P15,T6,C0,3.44,bad,1
train,E1,P10,T6,C1,3.04,bad,1
train,E9,P14,T3,C1,3.9333,bad,1
train,E3,P10,T3,C2,3.78,bad,1
train,E8,P10,T3,C0,3.8,bad,1
train,E2,P14,T6,C2,3.76,bad,1
train,E6,P10,T4,C0,3.44,bad,1
train,E6,P14,T3,C2,3.8,bad,1
train,E4,P10,T3,C1,3.12,bad,1
train,E1,P0,T2,C1,3.82,bad,1
train,E3,P15,T4,C1,3.62,bad,1
train,E1,P14,T3,C0,3.62,bad,1
train,E2,P10,T0,C2,3.82,bad,1
train,E6,P14,T4,C2,3.96,bad,1
train,E1,P0,T2,C1,3.82,bad,1
train,E6,P14,T4,C1,3.96,bad,1
train,E2,P14,T5,C1,3.6,bad,1
train,E0,P15,T3,C1,3.38,bad,1
train,E3,P10,T3,C2,3.78,bad,1
train,E2,P14,T3,C0,3.52,bad,1
train,E4,P10,T0,C2,3.86,bad,1
train,E1,P0,T1,C2,3.7,bad,1
train,E2,P10,T3,C1,3.88,bad,1
train,E9,P0,T0,C1,3.975,bad,1
train,E4,P10,T3,C0,3.12,bad,1
train,E9,P14,T4,C0,3.6333,bad,1
train,E3,P14,T5,C1,3.28,bad,1
train,E1,P0,T1,C2,3.7,bad,1
train,E8,P14,T3,C1,3.5,bad,1
train,E9,P10,T5,C0,3.05,bad,1
train,E1,P15,T3,C1,3.84,bad,1
train,E9,P14,T3,C1,3.9333,bad,1
train,E6,P10,T4,C1,3.44,bad,1
train,E1,P14,T3,C1,3.62,bad,1
train,E8,P14,T3,C2,3.5,bad,1
train,E6,P10,T6,C0,3.28,bad,1
train,E6,P15,T5,C0,3.2,bad,1
train,E5,P14,T4,C1,3.775,bad,1
train,E9,P0,T0,C0,3.975,bad,1
train,E6,P15,T6,C0,3.86,bad,1
train,E6,P10,T6,C0,3.28,bad,1
train,E1,P15,T3,C2,3.84,bad,1
train,E4,P10,T3,C1,3.12,bad,1
train,E1,P0,T1,C1,3.7,bad,1
train,E6,P14,T3,C2,3.8,bad,1
train,E4,P15,T0,C0,3.68,bad,1
train,E8,P10,T6,C2,3.7,bad,1
train,E1,P0,T2,C1,3.82,bad,1
train,E7,P15,T6,C0,3.04,bad,1
train,E5,P10,T4,C1,3.275,bad,1
train,E6,P15,T5,C0,3.2,bad,1
train,E0,P14,T3,C1,3.88,bad,1
train,E5,P14,T5,C2,3.9,bad,1
train,E7,P10,T4,C0,3.66,bad,1
train,E5,P10,T5,C0,3.525,bad,1
train,E2,P15,T4,C2,3.5,bad,1
train,E0,P15,T0,C1,3.7833,bad,1
train,E0,P15,T3,C0,3.38,bad,1
train,E0,P15,T3,C1,3.38,bad,1
train,E4,P15,T3,C2,3.26,bad,1
train,E2,P14,T6,C0,3.76,bad,1
train,E9,P14,T5,C0,3.0667,bad,1
train,E7,P14,T3,C2,3.34,bad,1
train,E1,P15,T0,C0,3.8,bad,1
train,E6,P15,T4,C1,3.1,bad,1
train,E9,P14,T5,C2,3.0667,bad,1
train,E9,P10,T5,C0,3.05,bad,1
train,E6,P15,T6,C0,3.86,bad,1
train,E6,P15,T4,C1,3.1,bad,1
train,E3,P10,T3,C2,3.78,bad,1
train,E5,P10,T5,C1,3.525,bad,1
train,E9,P14,T5,C1,3.0667,bad,1
train,E9,P15,T6,C2,3.375,bad,1
train,E9,P10,T4,C2,3.1,bad,1
train,E5,P10,T5,C2,3.525,bad,1
train,E6,P14,T4,C0,3.96,bad,1
train,E3,P15,T4,C0,3.62,bad,1
train,E9,P15,T4,C0,3.65,bad,1
train,E2,P14,T5,C0,3.6,bad,1
train,E2,P15,T4,C1,3.5,bad,1
train,E7,P10,T4,C1,3.66,bad,1
train,E2,P14,T5,C0,3.6,bad,1
train,E2,P14,T3,C1,3.52,bad,1
train,E0,P15,T0,C1,3.7833,bad,1
train,E0,P10,T0,C2,3.8333,bad,1
train,E5,P10,T4,C0,3.275,bad,1
train,E4,P10,T3,C0,3.12,bad,1
train,E0,P15,T3,C2,3.38,bad,1
train,E6,P15,T6,C2,3.86,bad,1
train,E3,P15,T4,C0,3.62,bad,1
train,E4,P10,T3,C2,3.12,bad,1
train,E3,P14,T5,C2,3.28,bad,1
train,E8,P10,T3,C0,3.8,bad,1
train,E1,P15,T0,C2,3.8,bad,1
train,E5,P14,T5,C0,3.9,bad,1
train,E2,P10,T5,C1,3.5,bad,1
train,E2,P14,T4,C0,3.74,bad,1
train,E1,P0,T2,C1,3.82,bad,1
train,E4,P15,T0,C1,3.68,bad,1
train,E8,P10,T6,C0,3.7,bad,1
train,E5,P14,T4,C1,3.775,bad,1
train,E2,P14,T4,C0,3.74,bad,1
train,E7,P15,T4,C1,3.26,bad,1
train,E2,P14,T3,C2,3.52,bad,1
train,E9,P10,T4,C2,3.1,bad,1
train,E5,P14,T4,C0,3.775,bad,1
train,E5,P10,T5,C0,3.525,bad,1
train,E9,P0,T0,C2,3.975,bad,1
train,E5,P15,T6,C2,3.78,bad,1
train,E7,P10,T4,C1,3.66,bad,1
valid,E0,P11,T0,C0,3.56,bad,0
valid,E0,P11,T0,C1,3.56,bad,0
valid,E0,P11,T0,C2,3.56,bad,0
valid,E0,P11,T3,C0,2.72,bad,0
valid,E0,P11,T3,C1,2.72,bad,0
valid,E0,P11,T3,C2,2.72,bad,0
valid,E0,P11,T4,C0,2.6,bad,0
valid,E0,P11,T4,C1,2.6,bad,0
valid,E0,P11,T4,C2,2.6,bad,0
valid,E0,P11,T5,C0,2.38,bad,0
valid,E0,P11,T5,C1,2.38,bad,0
valid,E0,P11,T5,C2,2.38,bad,0
valid,E0,P11,T6,C0,2.28,bad,0
valid,E0,P11,T6,C1,2.28,bad,0
valid,E0,P11,T6,C2,2.28,bad,0
valid,E0,P1,T0,C0,4.68,good,0
valid,E0,P1,T0,C1,4.68,good,0
valid,E0,P1,T0,C2,4.68,good,0
valid,E0,P1,T1,C0,4.64,good,0
valid,E0,P1,T1,C1,4.64,good,0
valid,E0,P1,T1,C2,4.64,good,0
valid,E0,P1,T3,C1,4.72,good,0
valid,E0,P6,T0,C0,4.28,good,0
valid,E0,P6,T0,C1,4.28,good,0
valid,E0,P6,T0,C2,4.28,good,0
valid,E0,P6,T1,C0,4.22,good,0
valid,E0,P6,T1,C1,4.22,good,0
valid,E0,P6,T1,C2,4.22,good,0
valid,E0,P6,T2,C0,3.82,bad,0
valid,E0,P6,T2,C1,3.82,bad,0
valid,E0,P6,T2,C2,3.82,bad,0
valid,E1,P11,T0,C0,4.475,good,0
valid,E1,P11,T0,C1,4.475,good,0
valid,E1,P11,T0,C2,4.475,good,0
valid,E1,P11,T3,C0,3.72,bad,0
valid,E1,P11,T3,C1,3.72,bad,0
valid,E1,P11,T3,C2,3.72,bad,0
valid,E1,P11,T4,C0,2.85,bad,0
valid,E1,P11,T4,C1,2.85,bad,0
valid,E1,P11,T4,C2,2.85,bad,0
valid,E1,P11,T5,C0,3.2,bad,0
valid,E1,P11,T5,C1,3.2,bad,0
valid,E1,P11,T5,C2,3.2,bad,0
valid,E1,P11,T6,C0,2.88,bad,0
valid,E1,P11,T6,C1,2.88,bad,0
valid,E1,P11,T6,C2,2.88,bad,0
valid,E1,P1,T0,C0,4.94,good,0
valid,E1,P1,T0,C1,4.94,good,0
valid,E1,P1,T0,C2,4.94,good,0
valid,E1,P1,T1,C0,4.94,good,0
valid,E1,P1,T1,C1,4.94,good,0
valid,E1,P1,T1,C2,4.94,good,0
valid,E1,P1,T2,C0,4.94,good,0
valid,E1,P1,T2,C1,4.94,good,0
valid,E1,P1,T2,C2,4.94,good,0
valid,E1,P6,T0,C0,4.42,good,0
valid,E1,P6,T0,C1,4.42,good,0
valid,E1,P6,T0,C2,4.42,good,0
valid,E1,P6,T1,C0,4.4,good,0
valid,E1,P6,T1,C1,4.4,good,0
valid,E1,P6,T1,C2,4.4,good,0
valid,E1,P6,T2,C0,4.06,good,0
valid,E1,P6,T2,C1,4.06,good,0
valid,E1,P6,T2,C2,4.06,good,0
valid,E2,P11,T0,C0,3.9,bad,0
valid,E2,P11,T0,C1,3.9,bad,0
valid,E2,P11,T0,C2,3.9,bad,0
valid,E2,P11,T3,C0,2.66,bad,0
valid,E2,P11,T3,C1,2.66,bad,0
valid,E2,P11,T3,C2,2.66,bad,0
valid,E2,P11,T4,C0,3.26,bad,0
valid,E2,P11,T4,C1,3.26,bad,0
valid,E2,P11,T4,C2,3.26,bad,0
valid,E2,P11,T5,C0,3.64,bad,0
valid,E2,P11,T5,C1,3.64,bad,0
valid,E2,P11,T5,C2,3.64,bad,0
valid,E2,P11,T6,C0,2.86,bad,0
valid,E2,P11,T6,C1,2.86,bad,0
valid,E2,P11,T6,C2,2.86,bad,0
valid,E2,P1,T0,C0,5.0,good,0
valid,E2,P1,T0,C1,5.0,good,0
valid,E2,P1,T0,C2,5.0,good,0
valid,E2,P1,T1,C0,4.96,good,0
valid,E2,P1,T1,C1,4.96,good,0
valid,E2,P1,T1,C2,4.96,good,0
valid,E2,P1,T2,C0,5.0,good,0
valid,E2,P1,T2,C1,5.0,good,0
valid,E2,P1,T2,C2,5.0,good,0
valid,E2,P6,T0,C0,4.72,good,0
valid,E2,P6,T0,C1,4.72,good,0
valid,E2,P6,T0,C2,4.72,good,0
valid,E2,P6,T1,C0,4.76,good,0
valid,E2,P6,T1,C1,4.76,good,0
valid,E2,P6,T1,C2,4.76,good,0
valid,E3,P11,T0,C0,4.56,good,0
valid,E3,P11,T0,C1,4.56,good,0
valid,E3,P11,T0,C2,4.56,good,0
valid,E3,P11,T3,C0,4.1,good,0
valid,E3,P11,T3,C1,4.1,good,0
valid,E3,P11,T3,C2,4.1,good,0
valid,E3,P11,T4,C0,3.1,bad,0
valid,E3,P11,T4,C1,3.1,bad,0
valid,E3,P11,T4,C2,3.1,bad,0
valid,E3,P11,T5,C0,3.1,bad,0
valid,E3,P11,T5,C1,3.1,bad,0
valid,E3,P11,T5,C2,3.1,bad,0
valid,E3,P11,T6,C0,2.88,bad,0
valid,E3,P11,T6,C1,2.88,bad,0
valid,E3,P11,T6,C2,2.88,bad,0
valid,E3,P1,T0,C0,4.82,good,0
valid,E3,P1,T0,C1,4.82,good,0
valid,E3,P1,T0,C2,4.82,good,0
valid,E3,P1,T1,C0,4.68,good,0
valid,E3,P1,T1,C1,4.68,good,0
valid,E3,P1,T1,C2,4.68,good,0
valid,E3,P1,T2,C1,4.8,good,0
valid,E3,P6,T0,C0,4.42,good,0
valid,E3,P6,T0,C1,4.42,good,0
valid,E3,P6,T0,C2,4.42,good,0
valid,E3,P6,T1,C0,4.34,good,0
valid,E3,P6,T1,C1,4.34,good,0
valid,E3,P6,T1,C2,4.34,good,0
valid,E3,P6,T2,C0,4.5,good,0
valid,E3,P6,T2,C1,4.5,good,0
valid,E3,P6,T2,C2,4.5,good,0
valid,E4,P11,T0,C0,4.0,good,0
valid,E4,P11,T0,C1,4.0,good,0
valid,E4,P11,T0,C2,4.0,good,0
valid,E4,P11,T3,C0,2.74,bad,0
valid,E4,P11,T3,C1,2.74,bad,0
valid,E4,P11,T3,C2,2.74,bad,0
valid,E4,P11,T4,C0,3.12,bad,0
valid,E4,P11,T4,C1,3.12,bad,0
valid,E4,P11,T4,C2,3.12,bad,0
valid,E4,P11,T5,C0,3.2,bad,0
valid,E4,P11,T5,C1,3.2,bad,0
valid,E4,P11,T5,C2,3.2,bad,0
valid,E4,P11,T6,C0,2.64,bad,0
valid,E4,P11,T6,C1,2.64,bad,0
valid,E4,P11,T6,C2,2.64,bad,0
valid,E4,P1,T0,C0,4.74,good,0
valid,E4,P1,T0,C1,4.74,good,0
valid,E4,P1,T0,C2,4.74,good,0
valid,E4,P1,T1,C0,4.82,good,0
valid,E4,P1,T1,C1,4.82,good,0
valid,E4,P1,T1,C2,4.82,good,0
valid,E4,P1,T2,C0,4.82,good,0
valid,E4,P1,T2,C1,4.82,good,0
valid,E4,P1,T2,C2,4.82,good,0
valid,E4,P6,T0,C0,4.5,good,0
valid,E4,P6,T0,C1,4.5,good,0
valid,E4,P6,T0,C2,4.5,good,0
valid,E4,P6,T1,C0,4.66,good,0
valid,E4,P6,T1,C1,4.66,good,0
valid,E4,P6,T1,C2,4.66,good,0
valid,E4,P6,T2,C0,4.64,good,0
valid,E4,P6,T2,C1,4.64,good,0
valid,E4,P6,T2,C2,4.64,good,0
valid,E5,P11,T0,C0,4.76,good,0
valid,E5,P11,T0,C1,4.76,good,0
valid,E5,P11,T0,C2,4.76,good,0
valid,E5,P11,T3,C0,3.72,bad,0
valid,E5,P11,T3,C1,3.72,bad,0
valid,E5,P11,T3,C2,3.72,bad,0
valid,E5,P11,T4,C0,3.975,bad,0
valid,E5,P11,T4,C1,3.975,bad,0
valid,E5,P11,T4,C2,3.975,bad,0
valid,E5,P11,T5,C0,4.06,good,0
valid,E5,P11,T5,C1,4.06,good,0
valid,E5,P11,T5,C2,4.06,good,0
valid,E5,P11,T6,C0,3.8,bad,0
valid,E5,P11,T6,C1,3.8,bad,0
valid,E5,P11,T6,C2,3.8,bad,0
valid,E5,P1,T0,C0,4.78,good,0
valid,E5,P1,T0,C1,4.78,good,0
valid,E5,P1,T0,C2,4.78,good,0
valid,E5,P1,T1,C0,4.86,good,0
valid,E5,P1,T1,C1,4.86,good,0
valid,E5,P1,T1,C2,4.86,good,0
valid,E5,P1,T2,C0,4.86,good,0
valid,E5,P1,T2,C1,4.86,good,0
valid,E5,P1,T2,C2,4.86,good,0
valid,E5,P6,T0,C0,4.825,good,0
valid,E5,P6,T0,C1,4.825,good,0
valid,E5,P6,T0,C2,4.825,good,0
valid,E5,P6,T1,C0,4.825,good,0
valid,E5,P6,T1,C1,4.825,good,0
valid,E5,P6,T1,C2,4.825,good,0
valid,E5,P6,T2,C0,4.825,good,0
valid,E5,P6,T2,C1,4.825,good,0
valid,E5,P6,T2,C2,4.825,good,0
valid,E6,P11,T0,C0,4.72,good,0
valid,E6,P11,T0,C1,4.72,good,0
valid,E6,P11,T0,C2,4.72,good,0
valid,E6,P11,T3,C0,4.06,good,0
valid,E6,P11,T3,C1,4.06,good,0
valid,E6,P11,T3,C2,4.06,good,0
valid,E6,P11,T4,C0,3.98,bad,0
valid,E6,P11,T4,C1,3.98,bad,0
valid,E6,P11,T4,C2,3.98,bad,0
valid,E6,P11,T5,C0,3.6,bad,0
valid,E6,P11,T5,C1,3.6,bad,0
valid,E6,P11,T5,C2,3.6,bad,0
valid,E6,P11,T6,C0,3.62,bad,0
valid,E6,P11,T6,C1,3.62,bad,0
valid,E6,P11,T6,C2,3.62,bad,0
valid,E6,P1,T0,C0,4.86,good,0
valid,E6,P1,T0,C1,4.86,good,0
valid,E6,P1,T0,C2,4.86,good,0
valid,E6,P1,T1,C0,4.84,good,0
valid,E6,P1,T1,C1,4.84,good,0
valid,E6,P1,T1,C2,4.84,good,0
valid,E6,P1,T2,C0,4.84,good,0
valid,E6,P1,T2,C1,4.84,good,0
valid,E6,P1,T2,C2,4.84,good,0
valid,E6,P6,T0,C0,4.94,good,0
valid,E6,P6,T0,C1,4.94,good,0
valid,E6,P6,T0,C2,4.94,good,0
valid,E6,P6,T1,C0,4.9,good,0
valid,E6,P6,T1,C1,4.9,good,0
valid,E6,P6,T2,C0,4.96,good,0
valid,E6,P6,T2,C1,4.96,good,0
valid,E6,P6,T2,C2,4.96,good,0
valid,E7,P11,T0,C0,5.0,good,0
valid,E7,P11,T0,C1,5.0,good,0
valid,E7,P11,T0,C2,5.0,good,0
valid,E7,P11,T3,C0,4.54,good,0
valid,E7,P11,T3,C1,4.54,good,0
valid,E7,P11,T3,C2,4.54,good,0
valid,E7,P11,T4,C0,3.72,bad,0
valid,E7,P11,T4,C1,3.72,bad,0
valid,E7,P11,T4,C2,3.72,bad,0
valid,E7,P11,T5,C0,3.54,bad,0
valid,E7,P11,T5,C1,3.54,bad,0
valid,E7,P11,T5,C2,3.54,bad,0
valid,E7,P11,T6,C0,4.12,good,0
valid,E7,P11,T6,C1,4.12,good,0
valid,E7,P11,T6,C2,4.12,good,0
valid,E7,P1,T0,C0,4.68,good,0
valid,E7,P1,T0,C1,4.68,good,0
valid,E7,P1,T0,C2,4.68,good,0
valid,E7,P1,T1,C0,4.58,good,0
valid,E7,P1,T1,C1,4.58,good,0
valid,E7,P1,T1,C2,4.58,good,0
valid,E7,P1,T2,C0,4.58,good,0
valid,E7,P1,T2,C1,4.58,good,0
valid,E7,P1,T2,C2,4.58,good,0
valid,E7,P6,T0,C0,4.42,good,0
valid,E7,P6,T0,C1,4.42,good,0
valid,E7,P6,T0,C2,4.42,good,0
valid,E7,P6,T1,C0,4.5,good,0
valid,E7,P6,T1,C1,4.5,good,0
valid,E7,P6,T1,C2,4.5,good,0
valid,E7,P6,T2,C0,4.54,good,0
valid,E7,P6,T2,C1,4.54,good,0
valid,E7,P6,T2,C2,4.54,good,0
valid,E8,P1,T0,C0,4.9,good,0
valid,E8,P1,T0,C1,4.9,good,0
valid,E8,P1,T0,C2,4.9,good,0
valid,E8,P1,T1,C0,4.9,good,0
valid,E8,P1,T1,C1,4.9,good,0
valid,E8,P1,T1,C2,4.9,good,0
valid,E8,P1,T2,C0,4.9,good,0
valid,E8,P1,T2,C1,4.9,good,0
valid,E8,P1,T2,C2,4.9,good,0
valid,E8,P6,T0,C0,4.9,good,0
valid,E8,P6,T0,C1,4.9,good,0
valid,E8,P6,T0,C2,4.9,good,0
valid,E8,P6,T1,C0,4.9,good,0
valid,E8,P6,T1,C1,4.9,good,0
valid,E8,P6,T1,C2,4.9,good,0
valid,E8,P6,T2,C0,4.9,good,0
valid,E8,P6,T2,C1,4.9,good,0
valid,E8,P6,T2,C2,4.9,good,0
valid,E9,P1,T0,C0,4.5667,good,0
valid,E9,P1,T0,C1,4.5667,good,0
valid,E9,P1,T0,C2,4.5667,good,0
valid,E9,P1,T1,C0,4.5667,good,0
valid,E9,P1,T1,C1,4.5667,good,0
valid,E9,P1,T1,C2,4.5667,good,0
valid,E9,P1,T2,C0,4.45,good,0
valid,E9,P6,T0,C0,4.45,good,0
valid,E9,P6,T0,C2,4.45,good,0
valid,E9,P6,T1,C0,4.45,good,0
valid,E9,P6,T1,C2,4.45,good,0
valid,E9,P6,T2,C0,4.475,good,0
valid,E9,P6,T2,C2,4.475,good,0
test,E0,P12,T0,C0,3.58,bad,0
test,E0,P12,T0,C1,3.58,bad,0
test,E0,P12,T0,C2,3.58,bad,0
test,E0,P12,T3,C0,2.8,bad,0
test,E0,P12,T3,C1,2.8,bad,0
test,E0,P12,T3,C2,2.8,bad,0
test,E0,P12,T4,C0,3.44,bad,0
test,E0,P12,T4,C1,3.44,bad,0
test,E0,P12,T4,C2,3.44,bad,0
test,E0,P12,T5,C0,2.3,bad,0
test,E0,P12,T5,C1,2.3,bad,0
test,E0,P12,T5,C2,2.3,bad,0
test,E0,P12,T6,C0,2.52,bad,0
test,E0,P12,T6,C1,2.52,bad,0
test,E0,P12,T6,C2,2.52,bad,0
test,E0,P13,T0,C0,3.92,bad,0
test,E0,P13,T0,C1,3.92,bad,0
test,E0,P13,T0,C2,3.92,bad,0
test,E0,P13,T3,C0,3.22,bad,0
test,E0,P13,T3,C1,3.22,bad,0
test,E0,P13,T3,C2,3.22,bad,0
test,E0,P13,T4,C0,2.84,bad,0
test,E0,P13,T4,C1,2.84,bad,0
test,E0,P13,T4,C2,2.84,bad,0
test,E0,P13,T5,C0,3.34,bad,0
test,E0,P13,T5,C1,3.34,bad,0
test,E0,P13,T5,C2,3.34,bad,0
test,E0,P13,T6,C0,3.18,bad,0
test,E0,P13,T6,C1,3.18,bad,0
test,E0,P13,T6,C2,3.18,bad,0
test,E0,P8,T0,C0,4.68,good,0
test,E0,P8,T0,C1,4.68,good,0
test,E0,P8,T0,C2,4.68,good,0
test,E0,P8,T1,C0,4.58,good,0
test,E0,P8,T1,C1,4.58,good,0
test,E0,P8,T1,C2,4.58,good,0
test,E0,P8,T2,C0,4.7,good,0
test,E0,P8,T2,C1,4.7,good,0
test,E0,P8,T2,C2,4.7,good,0
test,E0,P9,T0,C0,4.16,good,0
test,E0,P9,T0,C1,4.16,good,0
test,E0,P9,T0,C2,4.16,good,0
test,E0,P9,T1,C0,4.1,good,0
test,E0,P9,T1,C1,4.1,good,0
test,E0,P9,T1,C2,4.1,good,0
test,E0,P9,T2,C0,4.75,good,0
test,E0,P9,T2,C1,4.75,good,0
test,E0,P9,T2,C2,4.75,good,0
test,E1,P12,T0,C0,4.375,good,0
test,E1,P12,T0,C1,4.375,good,0
test,E1,P12,T0,C2,4.375,good,0
test,E1,P12,T3,C0,2.66,bad,0
test,E1,P12,T3,C1,2.66,bad,0
test,E1,P12,T3,C2,2.66,bad,0
test,E1,P12,T4,C0,3.48,bad,0
test,E1,P12,T4,C1,3.48,bad,0
test,E1,P12,T4,C2,3.48,bad,0
test,E1,P12,T5,C0,3.1,bad,0
test,E1,P12,T5,C1,3.1,bad,0
test,E1,P12,T5,C2,3.1,bad,0
test,E1,P12,T6,C0,3.28,bad,0
test,E1,P12,T6,C1,3.28,bad,0
test,E1,P12,T6,C2,3.28,bad,0
test,E1,P8,T0,C0,4.7,good,0
test,E1,P8,T0,C1,4.7,good,0
test,E1,P8,T0,C2,4.7,good,0
test,E1,P8,T1,C0,4.8,good,0
test,E1,P8,T1,C1,4.8,good,0
test,E1,P8,T1,C2,4.8,good,0
test,E1,P8,T2,C0,4.9,good,0
test,E1,P8,T2,C1,4.9,good,0
test,E1,P8,T2,C2,4.9,good,0
test,E1,P9,T0,C0,4.88,good,0
test,E1,P9,T0,C1,4.88,good,0
test,E1,P9,T0,C2,4.88,good,0
test,E1,P9,T1,C0,4.875,good,0
test,E1,P9,T1,C1,4.875,good,0
test,E1,P9,T1,C2,4.875,good,0
test,E1,P9,T2,C0,5.0,good,0
test,E1,P9,T2,C1,5.0,good,0
test,E1,P9,T2,C2,5.0,good,0
test,E2,P12,T0,C0,4.1,good,0
test,E2,P12,T0,C1,4.1,good,0
test,E2,P12,T0,C2,4.1,good,0
test,E2,P12,T3,C0,3.6,bad,0
test,E2,P12,T3,C1,3.6,bad,0
test,E2,P12,T3,C2,3.6,bad,0
test,E2,P12,T4,C0,3.22,bad,0
test,E2,P12,T4,C1,3.22,bad,0
test,E2,P12,T4,C2,3.22,bad,0
test,E2,P12,T5,C0,2.64,bad,0
test,E2,P12,T5,C1,2.64,bad,0
test,E2,P12,T5,C2,2.64,bad,0
test,E2,P12,T6,C0,3.14,bad,0
test,E2,P12,T6,C1,3.14,bad,0
test,E2,P12,T6,C2,3.14,bad,0
test,E2,P8,T0,C0,4.94,good,0
test,E2,P8,T0,C1,4.94,good,0
test,E2,P8,T0,C2,4.94,good,0
test,E2,P8,T1,C0,4.94,good,0
test,E2,P8,T1,C1,4.94,good,0
test,E2,P8,T1,C2,4.94,good,0
test,E2,P9,T0,C0,4.62,good,0
test,E2,P9,T0,C1,4.62,good,0
test,E2,P9,T0,C2,4.62,good,0
test,E2,P9,T1,C0,4.78,good,0
test,E2,P9,T1,C1,4.78,good,0
test,E2,P9,T1,C2,4.78,good,0
test,E3,P12,T0,C0,4.64,good,0
test,E3,P12,T0,C1,4.64,good,0
test,E3,P12,T0,C2,4.64,good,0
test,E3,P12,T3,C0,2.78,bad,0
test,E3,P12,T3,C1,2.78,bad,0
test,E3,P12,T3,C2,2.78,bad,0
test,E3,P12,T4,C0,2.64,bad,0
test,E3,P12,T4,C1,2.64,bad,0
test,E3,P12,T4,C2,2.64,bad,0
test,E3,P12,T5,C0,3.66,bad,0
test,E3,P12,T5,C1,3.66,bad,0
test,E3,P12,T5,C2,3.66,bad,0
test,E3,P12,T6,C0,2.14,bad,0
test,E3,P12,T6,C1,2.14,bad,0
test,E3,P12,T6,C2,2.14,bad,0
test,E3,P8,T0,C0,3.94,bad,0
test,E3,P8,T0,C1,3.94,bad,0
test,E3,P8,T0,C2,3.94,bad,0
test,E3,P8,T1,C0,4.02,good,0
test,E3,P8,T1,C1,4.02,good,0
test,E3,P8,T1,C2,4.02,good,0
test,E3,P8,T2,C0,4.06,good,0
test,E3,P8,T2,C1,4.06,good,0
test,E3,P8,T2,C2,4.06,good,0
test,E3,P9,T0,C0,3.4694,bad,0
test,E3,P9,T0,C1,3.4694,bad,0
test,E3,P9,T0,C2,3.4694,bad,0
test,E3,P9,T1,C0,3.4,bad,0
test,E3,P9,T1,C1,3.4,bad,0
test,E3,P9,T1,C2,3.4,bad,0
test,E3,P9,T2,C0,3.7,bad,0
test,E3,P9,T2,C1,3.7,bad,0
test,E3,P9,T2,C2,3.7,bad,0
test,E4,P12,T0,C0,3.92,bad,0
test,E4,P12,T0,C1,3.92,bad,0
test,E4,P12,T0,C2,3.92,bad,0
test,E4,P12,T3,C0,2.7,bad,0
test,E4,P12,T3,C1,2.7,bad,0
test,E4,P12,T3,C2,2.7,bad,0
test,E4,P12,T4,C0,2.18,bad,0
test,E4,P12,T4,C1,2.18,bad,0
test,E4,P12,T4,C2,2.18,bad,0
test,E4,P12,T5,C0,2.58,bad,0
test,E4,P12,T5,C1,2.58,bad,0
test,E4,P12,T5,C2,2.58,bad,0
test,E4,P8,T0,C0,4.3,good,0
test,E4,P8,T0,C1,4.3,good,0
test,E4,P8,T0,C2,4.3,good,0
test,E4,P8,T1,C0,4.36,good,0
test,E4,P8,T1,C1,4.36,good,0
test,E4,P8,T1,C2,4.36,good,0
test,E4,P8,T2,C0,4.04,good,0
test,E4,P8,T2,C1,4.04,good,0
test,E4,P8,T2,C2,4.04,good,0
test,E4,P9,T0,C0,4.06,good,0
test,E4,P9,T0,C1,4.06,good,0
test,E4,P9,T0,C2,4.06,good,0
test,E4,P9,T1,C0,3.7,bad,0
test,E4,P9,T1,C1,3.7,bad,0
test,E4,P9,T1,C2,3.7,bad,0
test,E4,P9,T2,C0,4.3,good,0
test,E4,P9,T2,C1,4.3,good,0
test,E4,P9,T2,C2,4.3,good,0
test,E5,P13,T0,C0,4.8,good,0
test,E5,P13,T0,C1,4.8,good,0
test,E5,P13,T0,C2,4.8,good,0
test,E5,P13,T3,C0,4.28,good,0
test,E5,P13,T3,C1,4.28,good,0
test,E5,P13,T3,C2,4.28,good,0
test,E5,P13,T4,C0,3.8,bad,0
test,E5,P13,T4,C1,3.8,bad,0
test,E5,P13,T4,C2,3.8,bad,0
test,E5,P13,T5,C0,3.18,bad,0
test,E5,P13,T5,C1,3.18,bad,0
test,E5,P13,T5,C2,3.18,bad,0
test,E5,P13,T6,C0,3.24,bad,0
test,E5,P13,T6,C1,3.24,bad,0
test,E5,P13,T6,C2,3.24,bad,0
test,E5,P8,T0,C0,4.675,good,0
test,E5,P8,T0,C1,4.675,good,0
test,E5,P8,T0,C2,4.675,good,0
test,E5,P8,T1,C0,4.7,good,0
test,E5,P8,T1,C1,4.7,good,0
test,E5,P8,T1,C2,4.7,good,0
test,E5,P8,T2,C0,4.725,good,0
test,E5,P8,T2,C1,4.725,good,0
test,E5,P8,T2,C2,4.725,good,0
test,E5,P9,T0,C0,4.475,good,0
test,E5,P9,T0,C1,4.475,good,0
test,E5,P9,T0,C2,4.475,good,0
test,E5,P9,T1,C0,4.625,good,0
test,E5,P9,T1,C1,4.625,good,0
test,E5,P9,T1,C2,4.625,good,0
test,E5,P9,T2,C0,4.45,good,0
test,E5,P9,T2,C1,4.45,good,0
test,E5,P9,T2,C2,4.45,good,0
test,E6,P13,T0,C0,4.84,good,0
test,E6,P13,T0,C1,4.84,good,0
test,E6,P13,T0,C2,4.84,good,0
test,E6,P13,T3,C0,3.9,bad,0
test,E6,P13,T3,C1,3.9,bad,0
test,E6,P13,T3,C2,3.9,bad,0
test,E6,P13,T4,C0,3.78,bad,0
test,E6,P13,T4,C1,3.78,bad,0
test,E6,P13,T4,C2,3.78,bad,0
test,E6,P13,T5,C0,3.3,bad,0
test,E6,P13,T5,C1,3.3,bad,0
test,E6,P13,T5,C2,3.3,bad,0
test,E6,P13,T6,C0,3.56,bad,0
test,E6,P13,T6,C1,3.56,bad,0
test,E6,P13,T6,C2,3.56,bad,0
test,E6,P8,T0,C0,5.0,good,0
test,E6,P8,T0,C1,5.0,good,0
test,E6,P8,T0,C2,5.0,good,0
test,E6,P8,T1,C0,5.0,good,0
test,E6,P8,T1,C1,5.0,good,0
test,E6,P8,T1,C2,5.0,good,0
test,E6,P8,T2,C0,5.0,good,0
test,E6,P8,T2,C1,5.0,good,0
test,E6,P8,T2,C2,5.0,good,0
test,E6,P9,T0,C0,5.0,good,0
test,E6,P9,T0,C1,5.0,good,0
test,E6,P9,T0,C2,5.0,good,0
test,E6,P9,T1,C0,5.0,good,0
test,E6,P9,T1,C1,5.0,good,0
test,E6,P9,T1,C2,5.0,good,0
test,E6,P9,T2,C0,5.0,good,0
test,E6,P9,T2,C1,5.0,good,0
test,E6,P9,T2,C2,5.0,good,0
test,E7,P13,T0,C0,5.0,good,0
test,E7,P13,T0,C1,5.0,good,0
test,E7,P13,T0,C2,5.0,good,0
test,E7,P13,T3,C0,4.38,good,0
test,E7,P13,T3,C1,4.38,good,0
test,E7,P13,T3,C2,4.38,good,0
test,E7,P13,T4,C0,3.72,bad,0
test,E7,P13,T4,C1,3.72,bad,0
test,E7,P13,T4,C2,3.72,bad,0
test,E7,P13,T5,C0,3.52,bad,0
test,E7,P13,T5,C1,3.52,bad,0
test,E7,P13,T5,C2,3.52,bad,0
test,E7,P13,T6,C0,2.96,bad,0
test,E7,P13,T6,C1,2.96,bad,0
test,E7,P13,T6,C2,2.96,bad,0
test,E7,P8,T0,C0,4.0,good,0
test,E7,P8,T0,C1,4.0,good,0
test,E7,P8,T0,C2,4.0,good,0
test,E7,P8,T1,C0,4.54,good,0
test,E7,P8,T1,C1,4.54,good,0
test,E7,P8,T1,C2,4.54,good,0
test,E7,P8,T2,C0,4.54,good,0
test,E7,P8,T2,C1,4.54,good,0
test,E7,P8,T2,C2,4.54,good,0
test,E7,P9,T0,C0,4.24,good,0
test,E7,P9,T0,C1,4.24,good,0
test,E7,P9,T0,C2,4.24,good,0
test,E7,P9,T1,C0,4.04,good,0
test,E7,P9,T1,C1,4.04,good,0
test,E7,P9,T1,C2,4.04,good,0
test,E7,P9,T2,C0,4.4,good,0
test,E7,P9,T2,C1,4.4,good,0
test,E7,P9,T2,C2,4.4,good,0
test,E8,P13,T0,C0,4.66,good,0
test,E8,P13,T0,C1,4.66,good,0
test,E8,P13,T0,C2,4.66,good,0
test,E8,P13,T3,C0,3.88,bad,0
test,E8,P13,T3,C1,3.88,bad,0
test,E8,P13,T3,C2,3.88,bad,0
test,E8,P13,T4,C0,3.25,bad,0
test,E8,P13,T4,C1,3.25,bad,0
test,E8,P13,T4,C2,3.25,bad,0
test,E8,P13,T5,C0,3.5,bad,0
test,E8,P13,T5,C1,3.5,bad,0
test,E8,P13,T5,C2,3.5,bad,0
test,E8,P13,T6,C0,2.425,bad,0
test,E8,P13,T6,C1,2.425,bad,0
test,E8,P13,T6,C2,2.425,bad,0
test,E8,P8,T0,C0,4.88,good,0
test,E8,P8,T0,C1,4.88,good,0
test,E8,P8,T0,C2,4.88,good,0
test,E8,P8,T1,C0,4.88,good,0
test,E8,P8,T1,C1,4.88,good,0
test,E8,P8,T1,C2,4.88,good,0
test,E8,P8,T2,C0,4.9,good,0
test,E8,P8,T2,C1,4.9,good,0
test,E8,P8,T2,C2,4.9,good,0
test,E8,P9,T0,C0,4.8,good,0
test,E8,P9,T0,C1,4.8,good,0
test,E8,P9,T0,C2,4.8,good,0
test,E8,P9,T1,C0,4.8,good,0
test,E8,P9,T1,C1,4.8,good,0
test,E8,P9,T1,C2,4.8,good,0
test,E8,P9,T2,C0,4.76,good,0
test,E8,P9,T2,C1,4.76,good,0
test,E8,P9,T2,C2,4.76,good,0
test,E9,P8,T0,C0,4.5667,good,0
test,E9,P8,T0,C1,4.5667,good,0
test,E9,P8,T0,C2,4.5667,good,0
test,E9,P8,T1,C0,4.5667,good,0
test,E9,P8,T1,C1,4.5667,good,0
test,E9,P8,T1,C2,4.5667,good,0
test,E9,P8,T2,C0,4.5667,good,0
test,E9,P8,T2,C1,4.5667,good,0
test,E9,P8,T2,C2,4.5667,good,0
test,E9,P9,T0,C0,4.2,good,0
test,E9,P9,T0,C1,4.2,good,0
test,E9,P9,T0,C2,4.2,good,0
test,E9,P9,T1,C0,4.2,good,0
test,E9,P9,T1,C1,4.2,good,0
test,E9,P9,T1,C2,4.2,good,0
test,E9,P9,T2,C0,4.2,good,0
test,E9,P9,T2,C1,4.2,good,0
test,E9,P9,T2,C2,4.2,good,0
